ts,open,high,low,close,volume
1605571200000,16713.08,16830.0,16683.63,16806.09,2861.4
1605574800000,16806.09,16806.93,16666.4,16690.21,2463.7
1605578400000,16690.21,16737.88,16625.24,16678.02,2217.6
1605582000000,16678.03,16705.85,16570.0,16573.58,2247.5
1605585600000,16573.57,16676.47,16538.0,16668.95,2292.8
1605589200000,16668.95,16700.0,16600.99,16619.81,2001.1
1605592800000,16620.6,16675.56,16578.45,16631.72,1963.0
1605596400000,16631.73,16774.99,16623.68,16750.0,3179.2
1605600000000,16750.0,16785.99,16683.75,16704.83,2870.5
1605603600000,16704.82,16755.0,16633.37,16659.11,2934.4
1605607200000,16659.11,16772.3,16648.76,16763.47,2897.2
1605610800000,16763.46,17000.0,16737.17,16995.06,8654.1
1605614400000,16994.11,17093.98,16935.09,17083.01,8132.9
1605618000000,17083.01,17095.98,16920.0,16947.38,5323.2
1605621600000,16947.39,17185.52,16930.48,17153.93,5900.1
1605625200000,17153.93,17373.0,17116.0,17322.19,8210.2
1605628800000,17321.55,17728.33,17231.53,17639.35,11543.3
1605632400000,17639.36,17858.82,17306.0,17808.66,12954.6
1605636000000,17808.67,17825.0,17583.26,17638.37,7914.6
1605639600000,17638.14,17747.93,17450.0,17685.22,6729.1
1605643200000,17685.23,17723.28,17617.42,17677.64,3012.8
1605646800000,17677.63,17704.94,17500.0,17624.15,3382.9
1605650400000,17624.15,17626.55,17456.52,17596.78,2493.6
1605654000000,17596.78,17710.0,17596.78,17659.38,3041.7
1605657600000,17659.38,17820.0,17601.0,17693.64,5133.7
1605661200000,17693.64,17739.43,17610.0,17739.42,2920.6
1605664800000,17739.43,17748.53,17640.0,17680.64,2887.1
1605668400000,17680.64,18067.21,17623.33,18030.71,6293.1
1605672000000,18030.7,18476.93,17950.0,18369.33,12402.4
1605675600000,18368.87,18369.33,17214.45,17623.39,16731.0
1605679200000,17627.7,17860.0,17500.0,17780.19,6942.9
1605682800000,17780.19,18093.7,17651.0,18063.7,5974.5
1605686400000,18063.69,18260.0,18021.66,18211.02,7437.0
1605690000000,18211.01,18229.07,17853.01,18110.0,8154.8
1605693600000,18110.01,18257.14,17971.42,18250.0,4871.6
1605697200000,18250.0,18253.0,18005.44,18249.99,4532.3
1605700800000,18249.99,18250.0,17931.0,18024.03,4849.3
1605704400000,18024.04,18105.78,17792.04,17882.89,6256.2
1605708000000,17882.9,17959.15,17666.0,17683.11,5847.1
1605711600000,17683.56,17915.14,17271.02,17873.88,14884.4
1605715200000,17873.89,18000.0,17640.0,17793.71,7421.0
1605718800000,17793.71,17923.41,17700.0,17890.45,4384.1
1605722400000,17890.46,17963.33,17739.99,17775.92,3726.8
1605726000000,17775.91,17838.94,17553.8,17659.9,4560.6
1605729600000,17659.9,17741.0,17490.0,17642.93,4705.0
1605733200000,17642.92,17781.39,17586.62,17762.64,2939.8
1605736800000,17762.64,17855.0,17700.0,17806.03,2192.2
1605740400000,17806.04,17853.13,17673.09,17776.12,2972.0
1605744000000,17777.75,17817.87,17573.31,17763.05,3840.3
1605747600000,17763.04,17862.8,17679.36,17855.5,2319.7
1605751200000,17855.5,18058.58,17854.26,17928.65,4961.0
1605754800000,17929.07,17999.84,17842.11,17915.46,2904.2
1605758400000,17915.81,17921.97,17741.33,17844.73,2524.8
1605762000000,17844.73,17909.05,17712.36,17894.88,2575.1
1605765600000,17894.89,17907.0,17705.0,17750.31,2796.5
1605769200000,17750.62,17765.99,17590.7,17649.94,3465.7
1605772800000,17650.03,17723.81,17388.77,17533.42,6399.3
1605776400000,17533.43,17635.28,17335.65,17426.52,5045.5
1605780000000,17426.52,17655.0,17361.89,17611.77,4832.1
1605783600000,17611.77,17778.04,17580.03,17765.33,5188.7
1605787200000,17765.32,17812.0,17653.24,17710.5,3955.9
1605790800000,17710.78,18006.83,17703.37,18000.56,6319.2
1605794400000,18000.56,18147.0,17842.79,18116.85,5826.3
1605798000000,18116.85,18179.8,18010.0,18045.0,5240.2
1605801600000,18045.01,18119.98,17909.4,18009.88,4906.0
1605805200000,18009.89,18040.02,17882.36,17969.4,2935.4
1605808800000,17969.29,18033.57,17905.0,17934.02,2565.6
1605812400000,17934.01,17972.22,17869.76,17955.8,2491.4
1605816000000,17955.79,18039.17,17904.14,18023.99,2386.8
1605819600000,18023.98,18100.0,17871.64,17928.48,3029.0
1605823200000,17928.55,17951.95,17854.57,17859.87,1769.1
1605826800000,17859.86,17892.52,17681.36,17802.82,4731.6
1605830400000,17802.81,17936.42,17753.8,17777.25,2447.2
1605834000000,17777.25,17967.49,17740.04,17960.39,2739.2
1605837600000,17960.39,18037.5,17916.74,17960.09,2908.7
1605841200000,17960.09,18023.03,17931.62,17955.06,2216.0
1605844800000,17955.06,18234.0,17941.66,18194.79,5089.8
1605848400000,18194.78,18225.0,18045.5,18129.99,2816.7
1605852000000,18129.99,18176.01,18060.0,18164.8,2523.1
1605855600000,18164.79,18404.68,18089.71,18212.0,6097.9
1605859200000,18210.0,18320.0,18143.0,18304.63,3962.0
1605862800000,18304.63,18360.68,18101.05,18173.01,3925.2
1605866400000,18173.0,18320.0,18130.0,18284.34,3134.4
1605870000000,18284.34,18345.53,18251.55,18263.5,2810.9
1605873600000,18263.69,18294.28,18152.0,18234.99,3434.0
1605877200000,18235.0,18289.43,18150.22,18242.84,3018.9
1605880800000,18243.01,18631.0,18241.01,18630.98,8757.7
1605884400000,18630.98,18739.9,18501.81,18668.56,7335.2
1605888000000,18668.56,18815.22,18625.0,18684.31,6032.9
1605891600000,18684.31,18707.0,18546.16,18684.92,4082.9
1605895200000,18684.92,18688.5,18401.0,18582.33,3962.2
1605898800000,18582.32,18662.65,18530.0,18627.38,2106.5
1605902400000,18627.57,18692.3,18562.16,18623.35,2264.5
1605906000000,18623.35,18647.42,18518.19,18580.26,2260.9
1605909600000,18580.25,18621.48,18473.94,18619.99,1746.6
1605913200000,18619.99,18740.0,18546.16,18655.67,2749.7
1605916800000,18655.66,18862.63,18620.46,18860.56,3624.1
1605920400000,18860.56,18909.29,18770.69,18830.42,3723.7
1605924000000,18830.45,18965.9,18629.61,18739.96,5050.3
1605927600000,18740.62,18813.74,18631.0,18659.48,3151.6
1605931200000,18659.47,18659.83,18444.74,18579.21,3842.0
1605934800000,18579.21,18680.0,18550.77,18652.44,1872.1
1605938400000,18652.44,18728.21,18600.0,18628.14,2215.2
1605942000000,18628.14,18739.76,18600.13,18669.99,2071.5
1605945600000,18670.0,18781.73,18661.99,18781.73,2701.0
1605949200000,18781.73,18783.76,18551.0,18609.99,3087.7
1605952800000,18610.0,18700.0,18563.32,18593.39,2263.3
1605956400000,18593.39,18649.35,18486.56,18531.06,2847.3
1605960000000,18531.06,18700.0,18308.58,18641.43,4444.8
1605963600000,18641.43,18824.68,18638.96,18794.82,4315.9
1605967200000,18794.82,18808.82,18638.0,18733.02,3886.2
1605970800000,18733.01,18820.0,18638.46,18790.01,3935.4
1605974400000,18790.0,18907.38,18665.86,18732.18,5607.8
1605978000000,18732.19,18769.78,18650.0,18762.3,3018.1
1605981600000,18762.3,18800.0,18717.55,18735.47,2442.3
1605985200000,18735.47,18770.0,18580.0,18679.97,2692.8
1605988800000,18679.97,18679.97,18582.94,18652.09,1916.5
1605992400000,18652.09,18700.0,18575.72,18654.26,1786.4
1605996000000,18654.27,18654.85,18525.0,18636.95,2161.0
1605999600000,18636.95,18745.47,18600.0,18703.8,2920.6
1606003200000,18703.8,18750.0,18500.0,18547.96,3853.2
1606006800000,18547.84,18612.04,18350.0,18470.4,6262.8
1606010400000,18470.39,18602.99,18430.83,18583.91,2389.6
1606014000000,18583.91,18593.48,18492.39,18559.91,1911.5
1606017600000,18559.91,18611.0,18430.68,18602.46,1570.5
1606021200000,18602.45,18605.96,18478.01,18517.31,1559.8
1606024800000,18517.31,18588.86,18400.3,18481.99,2206.8
1606028400000,18481.99,18511.55,18255.93,18498.31,3648.3
1606032000000,18498.31,18503.14,18185.86,18211.65,4029.7
1606035600000,18211.66,18419.71,18121.0,18379.07,4004.6
1606039200000,18379.06,18379.06,18051.0,18172.45,3764.9
1606042800000,18172.44,18218.81,17610.86,17887.82,9274.5
1606046400000,17891.76,18158.55,17820.0,18107.25,5916.5
1606050000000,18107.25,18240.0,18049.26,18196.37,3634.6
1606053600000,18196.36,18296.04,18142.21,18179.07,2890.9
1606057200000,18179.07,18333.52,18178.53,18295.4,2220.8
1606060800000,18295.41,18589.96,18258.11,18554.93,4155.2
1606064400000,18554.93,18580.0,18444.4,18480.0,2847.5
1606068000000,18480.0,18630.03,18468.17,18504.89,3087.1
1606071600000,18504.89,18593.06,18487.52,18573.58,2107.3
1606075200000,18573.59,18683.77,18506.0,18550.21,3206.2
1606078800000,18548.95,18614.34,18490.0,18567.04,1563.1
1606082400000,18567.05,18649.0,18517.5,18613.41,1505.7
1606086000000,18613.41,18623.37,18367.82,18414.43,4034.9
1606089600000,18413.88,18523.09,18100.05,18136.3,4390.1
1606093200000,18136.31,18273.08,18000.0,18209.51,4681.5
1606096800000,18211.56,18349.05,18188.26,18210.5,2722.7
1606100400000,18210.49,18436.7,18180.14,18369.0,2749.2
1606104000000,18367.49,18515.45,18337.04,18461.19,2543.8
1606107600000,18461.19,18509.98,18381.14,18438.26,2315.7
1606111200000,18438.26,18520.0,18308.0,18520.0,3063.3
1606114800000,18519.99,18556.83,18428.39,18458.13,2479.2
1606118400000,18458.12,18660.0,18453.55,18575.01,3674.2
1606122000000,18575.01,18657.88,18534.12,18637.79,3068.1
1606125600000,18637.8,18766.0,18636.41,18747.04,3953.7
1606129200000,18747.03,18747.89,18560.0,18567.7,3580.1
1606132800000,18567.7,18645.0,18480.07,18619.88,3346.1
1606136400000,18619.88,18662.15,18331.5,18594.27,7020.7
1606140000000,18594.27,18700.0,18502.01,18530.07,4756.8
1606143600000,18530.32,18557.04,18222.22,18261.86,6433.3
1606147200000,18261.86,18410.55,18134.11,18376.42,4920.7
1606150800000,18376.61,18461.91,18323.06,18352.93,2961.7
1606154400000,18352.93,18418.62,18283.43,18346.23,2307.2
1606158000000,18346.23,18459.99,18300.1,18444.44,2296.2
1606161600000,18444.45,18485.01,18345.52,18373.0,2094.1
1606165200000,18373.0,18457.04,18326.08,18410.29,2872.4
1606168800000,18410.29,18472.27,18350.0,18415.7,1883.7
1606172400000,18415.71,18436.22,18262.0,18368.0,2846.9
1606176000000,18368.01,18382.06,18207.98,18367.54,3049.7
1606179600000,18367.54,18530.0,18334.71,18465.98,4006.3
1606183200000,18465.97,18483.65,18337.04,18337.04,2922.2
1606186800000,18337.04,18404.45,18303.0,18338.52,2332.1
1606190400000,18338.23,18448.0,18276.73,18441.19,3461.4
1606194000000,18441.19,18441.96,18290.0,18322.38,3372.8
1606197600000,18322.38,18394.28,18018.0,18394.28,5807.6
1606201200000,18394.31,18450.0,18360.0,18369.36,3382.0
1606204800000,18369.35,18615.84,18369.35,18613.8,4419.9
1606208400000,18613.8,19065.0,18552.2,18983.15,12920.8
1606212000000,18983.16,19100.0,18683.64,18887.0,8744.5
1606215600000,18886.99,19080.19,18810.0,19064.99,4335.6
1606219200000,19064.99,19247.86,18979.99,19176.06,8267.5
1606222800000,19176.05,19300.0,19092.0,19167.81,7269.1
1606226400000,19167.81,19389.0,19095.0,19384.43,5022.5
1606230000000,19384.43,19418.97,19220.0,19358.57,5551.4
1606233600000,19358.56,19410.0,19074.4,19296.13,6567.1
1606237200000,19296.14,19339.7,19138.49,19204.64,3502.4
1606240800000,19200.91,19262.97,19150.0,19254.42,2986.2
1606244400000,19254.42,19277.63,19160.0,19160.01,2255.9
1606248000000,19160.01,19248.28,18925.51,19057.68,4865.2
1606251600000,19057.69,19122.27,18842.31,18939.3,4034.8
1606255200000,18939.3,19130.0,18857.0,19123.23,1921.1
1606258800000,19123.23,19190.0,19082.53,19160.01,2583.6
1606262400000,19160.0,19218.0,19090.19,19161.74,2546.6
1606266000000,19161.74,19218.12,19065.29,19099.63,2381.9
1606269600000,19099.63,19099.63,18900.0,18975.81,3381.5
1606273200000,18975.81,19049.99,18734.22,18808.03,3923.9
1606276800000,18808.04,18921.45,18670.0,18685.82,4245.4
1606280400000,18685.82,18887.61,18625.0,18879.49,3511.6
1606284000000,18879.5,18936.42,18847.09,18895.0,2561.6
1606287600000,18895.0,19050.73,18833.49,18975.13,2892.8
1606291200000,18975.12,19218.0,18970.01,19115.18,3930.5
1606294800000,19115.18,19173.38,19055.69,19169.79,2790.6
1606298400000,19169.79,19338.97,19157.09,19287.88,4231.2
1606302000000,19287.88,19345.99,19254.0,19281.55,3365.5
1606305600000,19281.55,19315.0,19152.33,19291.59,3616.4
1606309200000,19291.6,19484.21,19100.0,19198.55,6709.3
1606312800000,19197.25,19314.17,19114.46,19268.99,4166.9
1606316400000,19269.25,19327.8,19115.79,19126.84,4413.8
1606320000000,19126.84,19196.33,18856.0,18988.62,6463.5
1606323600000,18988.65,19070.44,18811.0,19061.31,4276.6
1606327200000,19061.31,19125.53,19032.36,19056.67,2685.8
1606330800000,19056.68,19125.0,18896.28,18981.29,2787.5
1606334400000,18981.29,19096.63,18731.0,18902.39,5306.8
1606338000000,18902.38,19042.42,18800.47,18880.27,3371.6
1606341600000,18880.27,18927.85,18695.0,18758.71,3637.4
1606345200000,18758.71,18854.59,18500.27,18719.11,6068.0
1606348800000,18718.83,18915.03,18613.92,18862.54,3947.9
1606352400000,18862.55,18886.59,18749.33,18799.32,2246.2
1606356000000,18799.32,18804.28,18355.85,18400.98,6742.4
1606359600000,18400.97,18400.97,17200.0,17927.98,18992.0
1606363200000,17927.98,18100.0,17566.54,17772.02,9629.0
1606366800000,17772.03,17954.56,17697.76,17930.86,5076.3
1606370400000,17930.86,18015.79,17825.63,17954.09,3869.5
1606374000000,17954.1,17954.1,17435.0,17619.9,7124.1
1606377600000,17610.92,17620.19,16334.0,16878.8,20495.7
1606381200000,16878.8,17129.61,16652.18,17060.77,10276.6
1606384800000,17060.81,17321.84,17058.33,17285.0,8065.9
1606388400000,17285.0,17420.93,16930.3,17100.0,8207.3
1606392000000,17100.0,17384.95,16963.79,17369.17,6235.4
1606395600000,17369.17,17395.47,17045.08,17054.57,4976.7
1606399200000,17054.02,17120.0,16732.24,16732.33,9420.7
1606402800000,16732.23,17250.0,16720.0,16905.18,6812.7
1606406400000,16906.23,17036.65,16585.41,16674.52,7071.4
1606410000000,16669.9,16794.92,16188.0,16693.76,12743.4
1606413600000,16690.11,16823.0,16500.0,16531.73,4809.3
1606417200000,16532.35,16627.65,16300.0,16516.87,6459.8
1606420800000,16516.86,17152.01,16513.35,17136.33,7110.7
1606424400000,17136.33,17294.88,17005.0,17031.18,5804.9
1606428000000,17031.17,17229.94,16968.11,17167.99,2396.2
1606431600000,17167.49,17177.91,16807.69,17149.47,2491.2
1606435200000,17149.47,17400.0,17012.56,17393.73,4072.2
1606438800000,17395.34,17457.62,17266.08,17306.48,4026.4
1606442400000,17306.48,17320.0,17068.0,17092.5,3644.4
1606446000000,17092.5,17269.46,17022.18,17078.11,3126.2
1606449600000,17078.11,17186.87,17050.0,17073.39,2532.9
1606453200000,17071.42,17340.49,17069.27,17258.5,2564.7
1606456800000,17258.5,17311.0,17172.53,17282.03,2278.9
1606460400000,17282.03,17296.75,17037.57,17094.18,2967.3
1606464000000,17095.47,17118.15,16713.46,16850.85,5678.4
1606467600000,16850.86,17200.0,16620.0,16656.53,6652.2
1606471200000,16656.54,16942.17,16654.26,16920.69,4084.2
1606474800000,16920.55,16940.87,16758.0,16789.37,2862.0
1606478400000,16789.46,17074.08,16772.52,17066.95,3806.8
1606482000000,17066.94,17083.35,16910.0,16944.79,2848.3
1606485600000,16944.79,16960.63,16724.82,16768.39,3504.6
1606489200000,16768.51,16788.13,16438.08,16498.85,6801.9
1606492800000,16501.1,16834.28,16465.48,16810.09,4546.9
1606496400000,16810.08,16810.08,16660.33,16727.51,2533.7
1606500000000,16727.89,16866.66,16686.71,16781.22,2375.2
1606503600000,16781.22,16846.91,16730.0,16803.14,1754.5
1606507200000,16803.14,17200.0,16750.0,17069.73,4794.0
1606510800000,17068.01,17087.46,16634.34,16994.92,3481.6
1606514400000,16994.91,17047.84,16910.36,16956.45,1454.8
1606518000000,16956.59,17235.7,16956.59,17139.52,2904.9
1606521600000,17139.53,17178.45,16974.3,17150.0,2420.9
1606525200000,17150.0,17190.0,17046.46,17129.66,2239.8
1606528800000,17129.65,17131.23,16979.61,16983.94,1648.3
1606532400000,16984.52,17012.09,16923.5,16990.27,2031.8
1606536000000,16990.27,17026.6,16891.9,16961.38,1517.0
1606539600000,16961.37,16978.0,16872.0,16977.99,1374.0
1606543200000,16978.0,17036.89,16962.99,17019.32,1424.5
1606546800000,17019.31,17067.14,16992.0,17014.72,1563.3
1606550400000,17014.72,17046.41,16865.56,16875.01,1994.9
1606554000000,16875.01,16962.74,16874.99,16916.42,1327.5
1606557600000,16916.42,17257.97,16880.5,17195.73,3981.8
1606561200000,17195.73,17200.0,17106.02,17160.29,2054.3
1606564800000,17160.29,17227.08,17070.0,17134.42,2652.5
1606568400000,17134.42,17358.0,17074.39,17356.02,3547.9
1606572000000,17356.03,17390.0,17264.59,17336.07,3782.3
1606575600000,17336.07,17530.46,17336.06,17517.04,4554.8
1606579200000,17517.04,17772.09,17516.52,17707.26,7586.1
1606582800000,17707.26,17748.99,17580.64,17745.74,3612.4
1606586400000,17745.73,17765.23,17640.38,17729.99,3355.4
1606590000000,17730.0,17840.0,17670.75,17814.5,2843.7
1606593600000,17814.5,17880.49,17671.14,17673.21,3336.9
1606597200000,17673.21,17751.99,17660.3,17741.05,1493.3
1606600800000,17741.05,17843.0,17612.33,17760.03,2697.9
1606604400000,17760.03,17807.1,17661.21,17719.85,1869.5
1606608000000,17719.84,17760.0,17517.0,17649.23,2659.9
1606611600000,17649.24,17663.11,17520.0,17587.53,1442.3
1606615200000,17587.53,17793.0,17545.28,17742.25,1601.8
1606618800000,17742.25,17886.21,17724.19,17867.48,1891.2
1606622400000,17867.48,17867.49,17758.66,17763.0,1324.8
1606626000000,17763.0,17837.53,17751.0,17790.31,1006.5
1606629600000,17790.31,17792.62,17707.31,17729.27,1179.8
1606633200000,17729.27,17849.21,17666.0,17817.34,1938.0
1606636800000,17817.34,18154.44,17803.78,18144.99,4846.1
1606640400000,18144.98,18209.65,18049.92,18104.35,3332.5
1606644000000,18104.35,18227.3,18036.04,18192.82,3715.3
1606647600000,18192.83,18250.0,18000.0,18090.44,3536.1
1606651200000,18089.75,18132.32,17882.82,18030.08,2938.2
1606654800000,18030.08,18148.97,17919.0,18097.46,2430.8
1606658400000,18097.46,18194.13,18030.0,18039.82,2431.5
1606662000000,18039.82,18140.0,17966.16,18119.97,2052.9
1606665600000,18119.97,18147.0,17926.0,18089.78,2833.7
1606669200000,18089.79,18145.14,18045.31,18094.31,1930.8
1606672800000,18094.31,18128.94,18040.0,18118.27,1310.4
1606676400000,18118.27,18125.17,18008.12,18042.86,1293.5
1606680000000,18042.85,18228.0,18027.82,18207.4,2554.6
1606683600000,18207.39,18360.05,18202.36,18255.0,3253.8
1606687200000,18254.24,18264.99,18060.83,18133.21,2136.9
1606690800000,18133.22,18230.0,18088.0,18184.99,1687.7
1606694400000,18185.0,18477.0,18184.99,18430.33,4461.7
1606698000000,18430.33,18548.32,18347.81,18481.97,3561.6
1606701600000,18482.1,18550.0,18435.81,18506.87,2470.4
1606705200000,18506.87,18593.81,18431.26,18579.5,2283.4
1606708800000,18579.67,18619.79,18450.0,18523.79,2119.7
1606712400000,18523.79,18627.29,18477.62,18520.47,1835.5
1606719600000,18520.27,18677.0,18512.9,18623.0,3499.6
1606723200000,18623.05,18625.0,18375.55,18462.31,4220.6
1606726800000,18462.7,18510.0,18326.03,18478.54,3054.1
1606730400000,18478.54,18589.0,18446.5,18503.06,2240.9
1606734000000,18503.11,18655.0,18503.11,18600.95,3413.5
1606737600000,18600.94,18840.0,18600.94,18837.16,4675.2
1606741200000,18837.16,19210.0,18788.11,19151.49,9287.0
1606744800000,19151.49,19782.1,19135.0,19480.8,15792.4
1606748400000,19480.73,19863.16,19152.25,19291.88,16228.0
1606752000000,19291.88,19579.0,19127.48,19196.4,7387.1
1606755600000,19196.41,19470.0,19011.1,19393.6,6736.1
1606759200000,19393.6,19467.23,19141.89,19175.78,4761.1
1606762800000,19175.87,19315.0,19050.0,19259.98,3291.5
1606766400000,19259.98,19494.35,19170.78,19439.48,3745.4
1606770000000,19439.27,19520.0,19323.18,19381.25,2732.1
1606773600000,19379.86,19500.0,19233.09,19499.99,2253.1
1606777200000,19500.0,19747.05,19450.43,19695.87,5413.4
1606780800000,19695.87,19720.0,19479.8,19565.47,4570.4
1606784400000,19565.47,19639.99,19433.15,19605.75,2702.5
1606788000000,19605.75,19704.93,19548.57,19680.95,2408.2
1606791600000,19680.96,19682.77,19340.0,19419.74,2889.8
1606795200000,19419.73,19527.02,19344.92,19354.31,3400.9
1606798800000,19352.64,19502.54,19281.38,19483.73,2620.9
1606802400000,19483.73,19517.94,19309.87,19338.34,3129.8
1606806000000,19338.33,19546.81,19300.0,19515.63,3009.2
1606809600000,19515.62,19567.0,19441.19,19466.99,3143.2
1606813200000,19467.0,19570.0,19426.96,19565.0,2824.3
1606816800000,19564.99,19800.0,19558.77,19739.51,7640.3
1606820400000,19739.51,19888.0,18886.0,19425.0,14556.7
1606824000000,19425.4,19482.01,18399.99,18551.35,17554.2
1606827600000,18550.25,18844.15,18001.12,18759.73,14772.8
1606831200000,18759.74,19364.82,18651.0,19285.31,7821.0
1606834800000,19285.3,19489.3,19147.6,19263.37,6838.2
1606838400000,19263.36,19325.83,18938.22,19058.8,5690.0
1606842000000,19058.8,19086.95,18611.88,19058.4,6526.0
1606845600000,19058.4,19074.64,18693.37,18738.82,3316.5
1606849200000,18738.83,19135.19,18720.48,19069.79,2954.7
1606852800000,19069.79,19150.0,18862.0,19024.32,2451.4
1606856400000,19024.33,19211.0,18936.61,19038.39,2275.3
1606860000000,19038.39,19156.72,18830.18,18895.0,1719.5
1606863600000,18895.01,18943.26,18725.0,18764.96,2883.1
1606867200000,18764.96,18877.92,18433.0,18836.51,4372.2
1606870800000,18836.5,18972.12,18703.0,18854.01,2505.0
1606874400000,18854.01,18863.73,18639.86,18676.4,1647.5
1606878000000,18676.39,18788.32,18506.16,18618.25,3284.7
1606881600000,18618.0,18700.0,18330.0,18550.96,4330.1
1606885200000,18550.95,18660.0,18465.42,18654.41,2661.9
1606888800000,18654.27,18939.97,18630.63,18926.66,4068.0
1606892400000,18924.13,19135.0,18833.0,19124.48,4325.8
1606896000000,19124.49,19342.0,19059.09,19195.19,4980.5
1606899600000,19195.52,19319.67,18977.03,19035.99,3695.1
1606903200000,19036.29,19196.63,18991.43,19103.39,3344.1
1606906800000,19103.38,19199.0,19022.47,19127.31,2688.9
1606910400000,19127.31,19129.13,18792.31,18940.98,4129.0
1606914000000,18940.97,19250.7,18919.31,19124.51,3955.2
1606917600000,19126.75,19175.0,18850.0,18910.21,4219.9
1606921200000,18910.21,18989.0,18728.38,18891.57,3966.2
1606924800000,18891.57,19015.7,18770.0,18856.25,3304.4
1606928400000,18856.25,18999.0,18810.27,18976.33,2378.4
1606932000000,18976.33,19068.0,18894.8,19011.99,2505.9
1606935600000,19011.97,19139.06,18964.08,19101.1,2128.5
1606939200000,19101.1,19150.0,19044.85,19083.4,2075.8
1606942800000,19083.77,19168.91,19046.3,19145.01,1486.4
1606946400000,19145.0,19235.0,19099.0,19111.13,1845.4
1606950000000,19111.13,19260.0,19089.5,19204.09,2012.4
1606953600000,19204.08,19299.0,19150.76,19180.0,2131.6
1606957200000,19180.0,19184.54,18940.0,19016.91,2664.8
1606960800000,19016.92,19099.05,18945.0,19041.73,2011.2
1606964400000,19041.73,19178.87,19013.17,19087.0,1658.1
1606968000000,19087.01,19124.03,19022.22,19041.21,1398.1
1606971600000,19041.21,19110.0,18867.2,18922.83,2207.4
1606975200000,18922.83,19015.42,18880.51,18970.24,1915.1
1606978800000,18970.24,19250.0,18911.0,19208.11,3187.2
1606982400000,19208.11,19450.0,19161.85,19378.79,6548.8
1606986000000,19378.79,19420.96,19097.6,19363.99,4473.9
1606989600000,19363.98,19422.9,19244.75,19353.69,3405.0
1606993200000,19353.69,19444.4,19290.0,19396.5,3752.0
1606996800000,19396.49,19425.0,19219.78,19321.26,3073.3
1607000400000,19321.26,19375.16,19252.2,19281.0,2397.6
1607004000000,19281.51,19397.0,19274.0,19351.32,2196.8
1607007600000,19351.32,19536.2,19300.0,19535.0,4242.7
1607011200000,19535.0,19598.0,19251.76,19354.78,5994.1
1607014800000,19354.78,19384.23,19194.06,19299.23,2612.6
1607018400000,19299.24,19398.9,19299.24,19371.46,2030.3
1607022000000,19371.46,19422.9,19328.51,19414.29,1747.9
1607025600000,19414.29,19435.29,19306.27,19369.44,1970.7
1607029200000,19369.44,19462.24,19328.92,19438.86,1585.1
1607032800000,19438.86,19479.71,19402.0,19464.11,1224.3
1607036400000,19464.12,19540.0,19402.11,19421.9,2261.0
1607040000000,19422.34,19527.0,19378.92,19460.65,2083.9
1607043600000,19462.49,19489.84,19319.39,19321.42,1937.1
1607047200000,19323.31,19375.0,19250.0,19251.92,2016.8
1607050800000,19251.92,19323.31,19122.74,19162.62,2645.8
1607054400000,19162.62,19318.83,19122.48,19286.78,2332.9
1607058000000,19286.78,19312.79,19190.52,19200.07,1607.2
1607061600000,19200.01,19367.05,19192.89,19317.13,1791.6
1607065200000,19317.13,19335.83,19238.31,19283.94,2192.0
1607068800000,19283.94,19447.14,19281.23,19388.89,3152.6
1607072400000,19388.9,19410.49,19316.11,19354.23,1738.8
1607076000000,19354.23,19360.73,18900.0,18978.35,9630.7
1607079600000,18978.35,19077.16,18700.0,18833.25,5227.0
1607083200000,18834.48,19029.56,18686.38,19026.49,6651.6
1607086800000,19026.49,19027.0,18914.42,19005.34,2476.9
1607090400000,19005.34,19146.22,18917.84,19046.11,3301.1
1607094000000,19046.11,19073.46,18938.25,18943.35,2288.0
1607097600000,18944.06,18991.7,18817.0,18981.28,3493.5
1607101200000,18981.28,19029.2,18932.23,18968.93,1898.7
1607104800000,18968.82,19078.68,18929.16,19056.45,1718.0
1607108400000,19056.45,19065.0,19000.0,19038.73,1689.6
1607112000000,19038.73,19045.34,18880.0,18962.53,2390.3
1607115600000,18962.52,18988.75,18725.6,18806.41,3265.9
1607119200000,18807.09,18875.27,18565.31,18665.3,2805.2
1607122800000,18665.31,18841.0,18601.5,18650.52,2948.6
1607126400000,18650.51,18791.53,18500.0,18764.23,4398.6
1607130000000,18764.23,18819.83,18634.5,18644.89,2253.9
1607133600000,18644.88,18848.62,18641.1,18789.66,2388.3
1607137200000,18789.65,18880.0,18738.34,18818.85,2317.9
1607140800000,18818.05,18932.0,18800.0,18863.9,1551.9
1607144400000,18863.9,18970.0,18840.69,18954.42,1647.8
1607148000000,18955.83,18990.08,18906.16,18963.03,1590.8
1607151600000,18963.03,18986.61,18900.0,18911.31,1514.2
1607155200000,18911.3,19177.0,18911.3,19149.9,3390.5
1607158800000,19149.9,19165.0,19053.05,19110.42,1671.4
1607162400000,19110.42,19137.28,19037.5,19114.48,1404.5
1607166000000,19114.48,19127.46,18959.03,19013.43,2031.7
1607169600000,19013.43,19080.01,18965.45,19060.01,1505.5
1607173200000,19060.27,19069.9,18941.74,18983.13,1663.2
1607176800000,18982.57,19092.03,18963.83,19080.01,2031.1
1607180400000,19080.01,19150.0,19051.0,19110.78,1878.9
1607184000000,19111.13,19149.92,19044.28,19099.0,1712.3
1607187600000,19098.99,19125.76,19026.0,19125.76,1130.6
1607191200000,19125.77,19140.0,19085.0,19116.3,1113.5
1607194800000,19116.65,19172.37,19075.3,19119.19,1273.1
1607198400000,19119.19,19140.0,18993.92,19054.9,1291.8
1607202000000,19055.24,19110.0,19000.0,19007.04,1050.9
1607205600000,19007.04,19052.17,18977.16,19020.5,773.0
1607209200000,19020.59,19157.52,19020.08,19147.66,1337.4
1607212800000,19147.66,19277.0,19131.02,19268.81,2729.2
1607216400000,19268.81,19342.0,19228.0,19261.52,2377.4
1607220000000,19261.51,19288.06,19206.03,19233.43,1450.0
1607223600000,19233.44,19245.91,19137.18,19183.39,1223.1
1607227200000,19183.39,19231.08,19155.04,19185.92,881.8
1607230800000,19185.92,19222.54,19105.0,19151.97,1055.0
1607234400000,19152.0,19224.66,19133.5,19183.94,845.3
1607238000000,19184.23,19260.0,19172.3,19230.99,921.8
1607241600000,19230.99,19251.0,19003.64,19017.56,2003.1
1607245200000,19017.54,19083.98,18950.87,19042.22,2087.2
1607248800000,19042.23,19061.53,18957.04,19041.31,1124.0
1607252400000,19041.32,19100.0,18959.73,19089.16,1115.6
1607256000000,19089.15,19089.16,18960.55,18982.47,1111.2
1607259600000,18982.87,19021.0,18857.0,18953.07,2100.6
1607263200000,18953.07,19131.53,18930.98,19120.0,1809.6
1607266800000,19120.27,19152.38,19094.0,19125.83,1350.3
1607270400000,19125.84,19213.09,19018.0,19106.8,1927.4
1607274000000,19106.46,19177.16,19065.91,19128.02,920.6
1607277600000,19127.86,19174.36,19093.78,19105.21,870.1
1607281200000,19105.2,19156.96,19076.47,19132.62,870.4
1607284800000,19132.62,19184.62,19123.41,19168.73,868.8
1607288400000,19168.73,19244.0,19114.01,19238.08,1606.6
1607292000000,19238.08,19249.0,19045.0,19125.44,1481.4
1607295600000,19125.55,19420.0,19125.55,19359.4,4312.4
1607299200000,19358.67,19420.91,19288.23,19318.56,1983.5
1607302800000,19318.56,19349.55,19219.99,19293.08,1527.9
1607306400000,19293.09,19307.49,19169.35,19200.0,1548.3
1607310000000,19200.01,19288.23,19157.55,19282.68,1339.8
1607313600000,19282.68,19306.11,19233.36,19285.97,1194.0
1607317200000,19285.97,19299.0,19240.0,19246.26,1023.9
1607320800000,19246.25,19356.3,19237.37,19306.36,1454.8
1607324400000,19306.36,19399.0,19293.93,19371.3,1503.2
1607328000000,19371.24,19386.15,19200.0,19250.84,1808.1
1607331600000,19250.85,19256.62,19177.99,19213.34,1678.5
1607335200000,19213.34,19254.06,19147.05,19183.41,1839.6
1607338800000,19183.41,19231.22,19090.0,19103.58,1914.2
1607342400000,19103.79,19239.0,19097.5,19238.8,2301.6
1607346000000,19239.0,19253.09,19180.7,19187.67,1522.3
1607349600000,19187.9,19234.61,19095.72,19195.84,2077.9
1607353200000,19195.84,19257.03,19168.88,19213.9,1660.0
1607356800000,19213.9,19241.39,19166.79,19188.36,1587.9
1607360400000,19188.29,19210.09,19139.99,19160.01,1440.2
1607364000000,19160.01,19188.16,18902.88,18939.7,4582.2
1607367600000,18938.51,19039.02,18912.31,18967.01,1898.1
1607371200000,18967.01,19059.8,18935.06,19050.63,1533.4
1607374800000,19050.63,19115.28,19015.36,19075.41,1561.7
1607378400000,19075.45,19115.78,19057.86,19114.48,788.1
1607382000000,19114.49,19217.64,19072.8,19166.9,1603.0
1607385600000,19166.9,19229.99,19132.67,19228.4,1539.7
1607389200000,19228.41,19235.6,19150.25,19210.62,1465.0
1607392800000,19210.63,19215.34,19160.0,19177.61,1061.5
1607396400000,19177.61,19196.0,19132.78,19154.73,1086.8
1607400000000,19154.73,19210.0,19151.96,19181.21,1423.2
1607403600000,19181.21,19293.76,19181.21,19293.76,1362.4
1607407200000,19293.76,19294.84,19091.0,19160.49,1931.9
1607410800000,19160.49,19199.62,19135.0,19143.1,1877.8
1607414400000,19143.1,19168.88,19010.0,19069.96,2558.8
1607418000000,19069.95,19101.59,18700.0,18791.77,5751.7
1607421600000,18791.78,18879.0,18700.04,18816.0,3765.0
1607425200000,18816.0,18869.23,18730.0,18762.96,2445.0
1607428800000,18762.95,18864.06,18610.0,18726.93,4536.6
1607432400000,18726.92,18942.3,18726.92,18922.84,3398.7
1607436000000,18923.42,18974.83,18861.47,18865.01,2255.9
1607439600000,18865.0,18913.14,18780.0,18809.91,2017.4
1607443200000,18809.91,18910.0,18745.31,18832.03,2390.3
1607446800000,18832.02,18937.81,18818.0,18927.41,1366.0
1607450400000,18927.41,18930.84,18826.08,18831.0,1791.7
1607454000000,18831.0,18895.0,18787.87,18795.74,1381.0
1607457600000,18795.74,18848.0,18664.51,18742.63,3177.6
1607461200000,18742.64,18827.34,18687.8,18777.86,1763.5
1607464800000,18778.02,18837.45,18320.0,18340.01,4197.2
1607468400000,18336.5,18500.0,18200.0,18324.11,7082.3
1607472000000,18324.11,18380.0,18120.0,18180.01,4285.0
1607475600000,18180.0,18329.65,18032.0,18215.49,4099.1
1607479200000,18215.5,18350.36,18151.6,18281.0,2790.5
1607482800000,18281.26,18310.0,18220.88,18300.01,1888.9
1607486400000,18300.0,18308.39,18125.0,18159.58,2057.2
1607490000000,18159.57,18242.32,18058.0,18205.5,2983.5
1607493600000,18206.57,18280.0,18153.36,18214.09,2142.3
1607497200000,18214.08,18244.26,17830.0,17924.07,5288.7
1607500800000,17924.06,18048.12,17650.0,17955.78,8243.3
1607504400000,17955.78,18108.64,17919.93,18036.34,4587.5
1607508000000,18040.98,18249.0,17978.16,18234.65,4049.2
1607511600000,18234.66,18379.87,18180.72,18244.95,4005.1
1607515200000,18244.94,18365.0,18210.05,18234.74,2551.6
1607518800000,18234.74,18498.0,18169.1,18483.5,3956.7
1607522400000,18483.24,18523.99,18425.17,18451.01,3858.9
1607526000000,18451.01,18470.22,18290.49,18349.5,3458.1
1607529600000,18349.5,18392.0,18252.15,18389.74,2491.7
1607533200000,18389.73,18435.0,18297.32,18304.06,2386.5
1607536800000,18304.06,18352.22,18165.0,18196.4,2456.3
1607540400000,18196.41,18289.06,18196.11,18260.03,1802.9
1607544000000,18260.02,18372.0,18211.78,18341.02,2640.6
1607547600000,18341.01,18550.0,18326.04,18519.37,3203.2
1607551200000,18519.32,18613.99,18485.71,18556.11,2659.1
1607554800000,18556.12,18639.57,18531.29,18541.28,1699.6
1607558400000,18541.29,18557.32,18416.17,18432.01,1824.4
1607562000000,18432.01,18501.96,18303.28,18431.25,1984.1
1607565600000,18431.25,18485.71,18353.29,18386.02,1684.8
1607569200000,18386.02,18500.0,18350.0,18409.77,1492.9
1607572800000,18409.78,18493.28,18389.0,18418.15,1491.7
1607576400000,18418.15,18420.8,18305.4,18372.37,1571.7
1607580000000,18372.36,18435.74,18278.44,18298.22,2065.8
1607583600000,18298.23,18386.16,18287.78,18335.91,1225.1
1607587200000,18335.91,18471.18,18319.74,18433.3,1918.0
1607590800000,18433.31,18480.0,18224.01,18237.52,2921.5
1607594400000,18237.51,18281.01,18070.0,18145.0,3256.3
1607598000000,18145.0,18254.48,18117.32,18192.49,2447.6
1607601600000,18192.5,18290.63,18165.89,18209.96,1783.5
1607605200000,18209.72,18246.8,18045.31,18233.65,3702.0
1607608800000,18233.65,18252.55,18040.01,18079.99,3043.0
1607612400000,18080.0,18151.0,17911.12,18134.08,4777.6
1607616000000,18132.11,18225.31,18096.42,18176.99,2836.1
1607619600000,18176.99,18217.95,18076.07,18213.86,1822.4
1607623200000,18213.87,18316.76,18195.01,18274.75,2327.7
1607626800000,18274.74,18403.28,18225.31,18403.1,2437.6
1607630400000,18403.11,18435.74,18342.56,18365.78,2400.9
1607634000000,18365.79,18405.62,18305.74,18349.0,1405.9
1607637600000,18348.99,18397.77,18297.76,18326.36,1007.9
1607641200000,18326.36,18380.41,18220.0,18254.63,1461.9
1607644800000,18254.81,18292.73,17950.0,18018.32,3824.7
1607648400000,18018.31,18074.8,17804.0,17901.45,5573.7
1607652000000,17901.44,18040.81,17801.37,17804.97,3703.0
1607655600000,17804.97,17996.14,17715.6,17990.88,3471.1
1607659200000,17990.69,18048.6,17929.81,17959.72,2129.2
1607662800000,17959.73,18021.42,17833.88,17899.44,2208.2
1607666400000,17899.43,17968.0,17814.73,17923.6,1844.1
1607670000000,17923.6,17944.87,17700.51,17811.95,3651.9
1607673600000,17811.96,18001.15,17810.5,17898.79,3800.0
1607677200000,17899.46,17908.0,17728.25,17802.6,2599.7
1607680800000,17802.6,17874.01,17572.33,17758.45,5006.2
1607684400000,17758.46,17761.1,17600.0,17647.71,3575.3
1607688000000,17647.71,17916.5,17617.0,17864.73,4028.6
1607691600000,17864.73,17987.98,17827.68,17972.01,2900.8
1607695200000,17972.0,18068.0,17901.07,18058.76,3657.4
1607698800000,18058.75,18132.0,18028.0,18104.74,3191.4
1607702400000,18104.74,18111.55,17942.85,17978.14,2468.6
1607706000000,17978.15,18007.0,17852.0,17995.53,2771.3
1607709600000,17995.5,18046.83,17943.29,18044.26,1971.9
1607713200000,18044.26,18093.95,17959.22,17977.0,2055.8
1607716800000,17975.08,18060.0,17925.37,17982.89,2012.5
1607720400000,17983.47,18125.18,17952.15,18100.01,2363.6
1607724000000,18100.01,18184.0,18067.72,18127.81,1977.1
1607727600000,18127.81,18149.75,18012.69,18036.53,1824.6
1607731200000,18036.53,18370.0,18020.7,18342.06,4583.8
1607734800000,18342.05,18375.0,18271.1,18283.84,1922.6
1607738400000,18283.84,18350.0,18278.14,18319.99,1370.5
1607742000000,18319.99,18336.82,18268.34,18282.02,1178.5
1607745600000,18282.01,18390.0,18261.32,18370.28,1520.8
1607749200000,18370.28,18398.19,18310.01,18313.36,1600.5
1607752800000,18313.35,18366.24,18278.91,18315.76,1342.5
1607756400000,18315.76,18400.0,18300.67,18380.85,1514.4
1607760000000,18380.85,18450.0,18318.98,18377.64,2153.3
1607763600000,18377.35,18478.0,18345.14,18433.47,1957.4
1607767200000,18433.47,18459.42,18370.0,18382.1,1482.6
1607770800000,18382.11,18513.66,18366.68,18506.1,1892.7
1607774400000,18506.1,18525.33,18427.01,18445.15,1831.7
1607778000000,18445.14,18451.35,18388.88,18400.21,1443.0
1607781600000,18400.21,18475.63,18308.82,18372.97,2537.7
1607785200000,18372.98,18434.62,18317.67,18399.01,1786.9
1607788800000,18399.01,18450.46,18362.42,18397.88,1754.7
1607792400000,18397.87,18527.93,18374.07,18483.17,1642.5
1607796000000,18482.83,18746.33,18482.47,18687.62,4917.0
1607799600000,18687.63,18850.0,18687.63,18805.29,3255.9
1607803200000,18805.29,18840.4,18745.01,18770.68,2032.0
1607806800000,18770.67,18840.4,18729.09,18787.72,1855.3
1607810400000,18787.72,18948.66,18754.37,18870.51,2213.1
1607814000000,18872.07,18880.37,18768.77,18808.69,1730.5
1607817600000,18808.69,18875.0,18711.12,18750.0,2078.5
1607821200000,18750.0,18808.98,18711.57,18795.31,1142.4
1607824800000,18795.12,18830.0,18750.02,18812.61,1530.6
1607828400000,18812.61,18831.36,18760.77,18784.42,932.1
1607832000000,18784.56,18884.5,18768.19,18852.51,1252.7
1607835600000,18852.51,18938.55,18815.0,18850.0,2197.6
1607839200000,18849.99,18984.55,18844.95,18973.93,1930.0
1607842800000,18973.93,19306.27,18973.93,19247.68,7062.5
1607846400000,19249.21,19322.24,19179.5,19245.91,3622.1
1607850000000,19245.25,19301.14,19185.74,19263.25,2399.9
1607853600000,19263.26,19370.0,19255.0,19278.99,3202.1
1607857200000,19278.99,19349.0,19200.0,19316.81,2247.9
1607860800000,19316.8,19400.0,19265.91,19348.97,3516.7
1607864400000,19348.97,19411.0,19290.01,19321.13,2820.2
1607868000000,19321.13,19364.0,19275.41,19292.13,1662.4
1607871600000,19292.13,19334.08,19080.0,19211.34,3876.9
1607875200000,19211.34,19385.0,19208.7,19328.12,3401.6
1607878800000,19328.11,19334.85,19197.36,19273.6,1835.0
1607882400000,19273.59,19273.6,19172.33,19185.33,1636.4
1607886000000,19185.33,19233.0,19155.0,19193.78,1307.8
1607889600000,19193.28,19193.29,19089.63,19154.57,1908.2
1607893200000,19154.56,19225.63,19150.0,19190.01,1153.6
1607896800000,19190.0,19194.33,18971.0,19112.41,2216.0
1607900400000,19112.41,19225.0,19090.0,19174.99,1627.7
1607904000000,19174.99,19174.99,19000.0,19057.19,1888.8
1607907600000,19056.23,19112.74,19019.65,19085.64,1246.7
1607911200000,19085.64,19307.09,19052.62,19297.7,2765.1
1607914800000,19297.9,19347.0,19227.01,19260.68,2413.5
1607918400000,19260.68,19282.11,19055.51,19126.94,2675.3
1607922000000,19126.93,19130.0,19033.84,19085.53,1556.6
1607925600000,19085.53,19207.93,19080.4,19206.23,1741.9
1607929200000,19206.24,19210.0,19100.43,19155.8,1326.7
1607932800000,19155.8,19244.69,19140.0,19222.0,2065.5
1607936400000,19222.0,19258.96,19120.0,19184.61,1986.2
1607940000000,19184.6,19215.19,19052.72,19088.94,2101.4
1607943600000,19088.94,19144.14,19051.11,19106.44,1864.3
1607947200000,19106.43,19147.0,19028.97,19114.66,2118.8
1607950800000,19114.66,19199.86,19063.31,19184.19,2220.2
1607954400000,19184.2,19227.66,19088.88,19221.74,2439.3
1607958000000,19221.75,19300.0,19158.57,19200.07,3589.4
1607961600000,19200.0,19237.79,19114.58,19152.37,1896.2
1607965200000,19152.59,19170.51,19113.08,19143.09,1255.9
1607968800000,19143.38,19236.76,19143.38,19236.75,1817.2
1607972400000,19236.75,19236.76,19165.0,19175.88,1343.2
1607976000000,19175.88,19216.57,19130.85,19208.07,1386.3
1607979600000,19208.08,19220.85,19150.85,19197.83,1359.1
1607983200000,19197.82,19296.0,19188.76,19291.9,1317.4
1607986800000,19291.99,19349.0,19200.85,19273.14,2882.4
1607990400000,19273.69,19395.0,19243.64,19394.94,2998.5
1607994000000,19394.94,19470.0,19320.85,19455.06,2941.3
1607997600000,19455.06,19570.0,19444.25,19458.97,5055.7
1608001200000,19458.98,19509.57,19416.35,19479.7,1934.6
1608004800000,19479.69,19497.36,19161.03,19180.71,3179.7
1608008400000,19180.7,19259.78,19050.0,19132.4,3984.0
1608012000000,19133.29,19211.76,19101.0,19186.12,2257.2
1608015600000,19186.12,19226.95,19146.95,19197.6,1730.8
1608019200000,19197.59,19219.96,19106.95,19137.24,1854.1
1608022800000,19136.96,19209.99,19074.0,19187.51,2498.8
1608026400000,19187.51,19350.0,19117.9,19310.0,3596.2
1608030000000,19309.99,19334.9,19241.07,19293.54,1837.4
1608033600000,19293.54,19383.98,19256.33,19291.4,2177.7
1608037200000,19291.4,19349.0,19263.5,19349.0,1506.5
1608040800000,19349.16,19433.0,19256.27,19337.46,3320.9
1608044400000,19337.46,19429.27,19337.46,19403.31,2771.9
1608048000000,19403.31,19425.87,19328.06,19364.1,2346.5
1608051600000,19364.09,19422.92,19352.48,19399.53,1851.2
1608055200000,19399.53,19543.0,19390.0,19530.0,3565.3
1608058800000,19529.99,19545.0,19465.0,19530.38,2470.6
1608062400000,19530.38,19547.0,19461.55,19491.87,1595.1
1608066000000,19491.87,19511.99,19276.0,19419.92,3770.7
1608069600000,19419.93,19489.09,19379.19,19461.38,1177.0
1608073200000,19461.37,19471.18,19345.51,19426.43,1413.0
1608076800000,19426.43,19454.97,19278.6,19365.29,2363.8
1608080400000,19365.28,19420.0,19317.01,19389.37,1791.4
1608084000000,19389.37,19488.02,19389.37,19442.08,1919.6
1608087600000,19442.08,19454.0,19325.0,19346.52,2010.9
1608091200000,19346.51,19403.07,19300.3,19358.68,1417.8
1608094800000,19358.31,19421.8,19339.35,19373.81,1444.9
1608098400000,19373.82,19454.93,19341.4,19429.89,1512.6
1608102000000,19429.9,19451.03,19399.0,19423.96,1290.1
1608105600000,19423.95,19487.17,19370.62,19482.57,1854.4
1608109200000,19482.57,19525.0,19420.84,19516.69,2119.0
1608112800000,19516.22,19800.0,19498.01,19798.17,8207.3
1608116400000,19798.18,19860.0,19645.9,19739.78,5884.3
1608120000000,19739.78,19889.99,19680.0,19762.81,6075.1
1608123600000,19762.8,20450.0,19762.8,20319.51,11510.1
1608127200000,20320.85,20799.0,20206.16,20649.0,14801.1
1608130800000,20650.01,20733.0,20539.0,20661.37,7170.6
1608134400000,20661.37,20865.43,20620.0,20854.56,7391.9
1608138000000,20854.56,20855.0,20573.82,20639.82,5243.1
1608141600000,20639.82,20737.44,20550.0,20585.79,3487.8
1608145200000,20585.79,20766.39,20550.0,20736.87,2693.7
1608148800000,20736.87,20839.0,20727.3,20802.82,3210.9
1608152400000,20802.82,21288.0,20711.0,21192.78,7677.8
1608156000000,21191.53,21444.44,21172.79,21366.42,6275.2
1608159600000,21366.02,21560.0,21200.0,21335.52,6953.1
1608163200000,21335.52,21400.0,21230.0,21389.25,4427.9
1608166800000,21389.26,21860.05,21389.26,21719.22,6860.9
1608170400000,21719.77,21994.0,21642.13,21913.9,5864.8
1608174000000,21913.91,22166.0,21703.67,21753.26,7372.4
1608177600000,21752.65,21900.0,21735.09,21785.88,3477.9
1608181200000,21785.87,22311.38,21781.99,22280.0,5326.4
1608184800000,22280.0,22400.0,22053.0,22172.72,6338.2
1608188400000,22172.72,22488.0,22102.0,22478.76,5356.6
1608192000000,22478.75,22990.0,22400.0,22904.7,12107.7
1608195600000,22904.7,23800.0,21801.0,22650.0,23832.9
1608199200000,22648.86,22934.0,22380.79,22618.11,11643.5
1608202800000,22617.73,22808.56,22528.73,22752.16,5168.3
1608206400000,22752.15,23199.0,22600.0,23149.99,6628.2
1608210000000,23150.0,23348.0,22647.51,22831.84,7791.4
1608213600000,22832.73,23257.9,22715.38,23086.01,7463.2
1608217200000,23086.0,23369.0,22900.0,23333.8,6953.5
1608220800000,23333.81,23650.0,23200.0,23591.23,10032.3
1608224400000,23592.2,23699.7,23000.0,23023.98,6924.8
1608228000000,23023.98,23280.1,22500.0,23250.27,11618.3
1608231600000,23251.16,23497.0,22804.22,22899.08,7447.2
1608235200000,22898.47,23106.34,22311.1,22791.55,8469.2
1608238800000,22791.78,22848.39,22382.7,22791.96,5412.1
1608242400000,22785.93,23080.0,22757.52,22963.04,3385.2
1608246000000,22963.05,23000.0,22570.59,22797.16,4979.5
1608249600000,22797.15,22842.76,22470.35,22764.77,3924.0
1608253200000,22764.77,23146.95,22634.11,22988.21,4155.1
1608256800000,22988.21,23248.99,22937.9,23003.31,3844.9
1608260400000,23003.31,23047.88,22762.05,22811.59,3180.2
1608264000000,22811.58,22973.92,22772.05,22870.93,2602.4
1608267600000,22870.92,23028.13,22835.02,22955.51,2184.8
1608271200000,22955.51,23168.59,22874.69,22994.49,3086.6
1608274800000,22992.06,23069.44,22838.19,23055.98,3071.6
1608278400000,23055.98,23285.18,22938.87,23114.84,4699.9
1608282000000,23114.84,23215.0,23017.97,23212.82,2878.5
1608285600000,23212.82,23220.0,22933.07,22964.67,3730.4
1608289200000,22964.12,22967.29,22691.61,22886.17,4048.0
1608292800000,22886.18,23073.25,22727.0,22939.42,3427.5
1608296400000,22939.41,22948.64,22548.99,22571.78,4037.6
1608300000000,22571.79,22758.44,22400.0,22610.65,5664.1
1608303600000,22610.65,22636.27,22350.0,22549.0,4804.6
1608307200000,22549.0,22752.77,22463.59,22719.28,3562.5
1608310800000,22719.29,22818.0,22670.22,22749.32,2476.3
1608314400000,22749.32,22829.04,22694.22,22781.44,2092.9
1608318000000,22781.44,22783.42,22626.81,22762.28,1880.9
1608321600000,22762.28,22795.11,22650.29,22755.66,1760.4
1608325200000,22755.25,23078.47,22751.1,22880.07,3998.6
1608328800000,22880.07,23034.33,22800.0,23011.38,1992.2
1608332400000,23011.38,23143.56,22908.45,23107.39,2542.0
1608336000000,23107.39,23168.28,22940.0,22954.02,2051.0
1608339600000,22954.02,23099.0,22902.1,23046.76,2149.0
1608343200000,23046.75,23220.0,23034.75,23220.0,2910.2
1608346800000,23219.51,23225.0,23093.93,23098.04,2329.3
1608350400000,23098.05,23138.0,23032.0,23043.4,1859.4
1608354000000,23043.41,23075.36,22924.79,22958.0,2023.0
1608357600000,22958.48,23010.6,22821.0,22853.5,1813.0
1608361200000,22853.51,23038.0,22832.0,22853.75,1791.2
1608364800000,22853.75,22990.0,22750.0,22983.77,3048.7
1608368400000,22983.77,23045.49,22928.05,22973.06,2229.9
1608372000000,22973.06,23080.45,22950.0,23019.99,2332.0
1608375600000,23020.0,23063.49,22875.01,22888.54,1942.2
1608379200000,22888.53,23127.72,22886.79,23041.53,3218.6
1608382800000,23041.53,23189.1,22992.23,23172.74,3234.6
1608386400000,23172.75,23627.99,23052.0,23296.96,10267.1
1608390000000,23296.96,23650.0,23296.95,23552.01,6178.4
1608393600000,23552.0,24171.47,23456.55,23966.48,13881.9
1608397200000,23966.48,24100.0,23680.0,23886.44,6294.4
1608400800000,23886.71,23906.66,23556.76,23822.66,4060.1
1608404400000,23822.66,23883.79,23651.0,23791.91,3011.1
1608408000000,23791.82,23937.0,23782.91,23902.17,2634.9
1608411600000,23902.19,24065.41,23780.21,23974.71,3253.9
1608415200000,23974.7,23999.0,23825.95,23905.73,1543.4
1608418800000,23905.73,23915.26,23719.25,23821.61,1987.8
1608422400000,23821.6,23836.48,23230.0,23481.41,5981.3
1608426000000,23483.11,23548.72,23390.0,23485.56,2118.5
1608429600000,23486.42,23542.99,23300.0,23429.92,2007.6
1608433200000,23429.92,23429.92,23180.88,23346.48,2578.3
1608436800000,23346.25,23452.63,23060.0,23426.54,2789.3
1608440400000,23426.15,23588.88,23397.58,23481.38,2113.9
1608444000000,23481.38,23614.84,23459.98,23506.67,1519.0
1608447600000,23506.67,23646.31,23410.62,23628.88,2081.7
1608451200000,23628.89,23791.0,23532.0,23698.49,2953.1
1608454800000,23698.49,23748.4,23503.0,23592.92,2928.1
1608458400000,23592.93,23648.92,23358.78,23394.76,3238.1
1608462000000,23394.77,23625.0,23393.0,23553.02,1945.5
1608465600000,23553.02,23588.71,23333.57,23472.44,2466.1
1608469200000,23472.45,23590.9,23296.0,23561.36,3045.0
1608472800000,23561.36,23682.0,23500.19,23537.7,2538.2
1608476400000,23537.7,23910.0,23527.48,23868.09,4012.7
1608480000000,23868.08,23901.01,23628.31,23630.1,3492.5
1608483600000,23630.1,23800.0,23625.41,23722.62,2050.9
1608487200000,23722.62,23877.0,23655.26,23866.69,2433.3
1608490800000,23866.68,23995.97,23780.83,23930.0,2727.2
1608494400000,23928.8,24295.0,23850.18,24172.25,6396.9
1608498000000,24172.99,24208.62,23350.0,23373.05,7511.0
1608501600000,23376.94,23614.36,23090.0,23507.79,5563.8
1608505200000,23507.03,23594.73,23450.0,23455.52,2197.8
1608508800000,23455.54,23709.31,23287.94,23679.55,3148.4
1608512400000,23679.55,23744.86,23587.85,23663.48,1823.6
1608516000000,23663.49,23887.0,23652.48,23856.38,2136.2
1608519600000,23856.39,24016.93,23657.5,23945.29,3842.1
1608523200000,23945.3,24102.77,23790.0,23895.73,3537.8
1608526800000,23895.02,23975.0,23841.99,23909.83,2315.2
1608530400000,23909.83,23926.8,23700.0,23921.73,2593.6
1608534000000,23921.74,24028.15,23888.15,23980.0,3110.6
1608537600000,23979.99,24075.94,23635.08,23659.59,4670.5
1608541200000,23659.59,23739.18,23328.0,23461.35,6435.5
1608544800000,23460.93,23495.91,22441.01,22445.99,13511.9
1608548400000,22446.39,22833.01,22350.0,22645.85,7582.7
1608552000000,22646.7,22663.0,21815.0,22307.5,11239.2
1608555600000,22307.5,22665.35,22251.23,22646.53,2830.3
1608559200000,22646.53,22646.53,22646.53,22646.53,0.0
1608573600000,22693.65,22988.6,22621.44,22813.66,4796.3
1608577200000,22813.65,22940.3,22681.32,22816.62,2874.6
1608580800000,22816.63,22930.0,22732.78,22829.79,1900.5
1608584400000,22829.79,23162.26,22765.0,23127.37,3028.1
1608588000000,23127.38,23254.33,23021.17,23170.89,2085.0
1608591600000,23169.88,23228.35,22699.99,22719.71,3713.0
1608595200000,22719.88,22926.14,22500.0,22558.42,4435.4
1608598800000,22558.41,22875.61,22428.86,22753.99,3850.0
1608602400000,22753.99,22970.0,22730.0,22957.57,2524.5
1608606000000,22957.58,22969.0,22737.9,22851.2,2438.4
1608609600000,22851.19,23076.77,22851.19,22951.3,2681.9
1608613200000,22951.3,22970.0,22610.19,22681.51,3600.4
1608616800000,22681.5,22870.02,22551.02,22750.96,3044.6
1608620400000,22750.85,22826.78,22500.0,22655.83,3555.1
1608624000000,22655.82,22750.0,22353.4,22689.86,4786.2
1608627600000,22689.87,22822.83,22600.0,22783.85,3441.1
1608631200000,22782.92,22819.76,22602.12,22701.2,2835.3
1608634800000,22701.2,23155.0,22701.2,23119.48,4983.5
1608638400000,23119.47,23300.0,23062.01,23175.57,4777.7
1608642000000,23175.57,23536.96,23103.98,23487.2,4972.8
1608645600000,23487.2,23628.89,23335.83,23439.99,6009.6
1608649200000,23439.99,23600.0,23300.42,23342.58,4452.8
1608652800000,23342.68,23456.0,23237.0,23348.95,4298.9
1608656400000,23348.43,23442.0,23224.4,23342.54,2756.9
1608660000000,23342.54,23520.0,23342.51,23435.27,2784.6
1608663600000,23435.27,23509.87,23325.95,23404.27,2140.6
1608667200000,23404.27,23449.0,23277.72,23423.77,2146.8
1608670800000,23423.76,23530.0,23323.54,23435.13,3634.9
1608674400000,23435.14,23760.0,23344.92,23721.94,2794.0
1608678000000,23721.95,23837.1,23640.56,23810.79,4087.0
1608681600000,23810.79,24000.0,23695.7,23987.8,4458.1
1608685200000,23987.8,24050.0,23654.72,23709.59,4774.7
1608688800000,23709.59,23746.33,23551.86,23631.99,2813.5
1608692400000,23631.76,23778.63,23605.0,23706.72,2051.5
1608696000000,23706.72,23711.17,23430.0,23450.0,4014.5
1608699600000,23450.01,23536.2,23350.0,23533.01,4935.0
1608703200000,23533.01,23613.03,23439.13,23501.97,3316.5
1608706800000,23501.97,23636.33,23319.11,23555.73,3238.3
1608710400000,23555.54,23680.0,23438.8,23502.8,2863.2
1608714000000,23502.8,23661.53,23422.4,23635.87,3191.3
1608717600000,23635.88,23735.51,23400.0,23435.95,5035.2
1608721200000,23435.95,23478.81,22810.0,23064.01,10580.1
1608724800000,23064.01,23850.0,22931.0,23843.91,9711.0
1608728400000,23843.91,24100.0,23457.98,23617.34,10187.8
1608732000000,23617.34,23829.09,23536.25,23759.67,5940.7
1608735600000,23759.68,23895.85,23336.0,23449.66,5341.8
1608739200000,23449.66,23651.82,23379.73,23406.91,6003.3
1608742800000,23406.91,23640.63,23350.0,23589.39,3986.4
1608746400000,23589.38,23678.49,23550.0,23605.07,2974.0
1608750000000,23605.08,23622.67,23500.0,23556.91,2534.2
1608753600000,23556.91,23625.0,23423.01,23501.99,3131.8
1608757200000,23501.99,23527.44,23153.79,23315.39,4759.5
1608760800000,23315.38,23379.88,22600.0,23291.91,8071.7
1608764400000,23290.96,23470.05,23164.09,23232.76,5132.9
1608768000000,23232.39,23242.04,22800.0,23067.41,5319.0
1608771600000,23067.4,23229.95,22880.0,23202.71,4179.5
1608775200000,23202.71,23229.98,22738.95,22805.9,3829.8
1608778800000,22805.26,22968.4,22703.42,22894.28,3362.1
1608782400000,22894.28,23043.98,22786.67,23023.32,2797.2
1608786000000,23023.32,23136.48,22914.2,23049.98,2197.9
1608789600000,23049.97,23141.15,22868.0,22931.71,2500.6
1608793200000,22931.71,23219.38,22823.99,23173.38,2670.4
1608796800000,23173.38,23479.26,23070.0,23447.42,3878.4
1608800400000,23447.42,23469.86,23261.08,23348.3,2607.5
1608804000000,23348.29,23357.0,23115.0,23123.3,2600.9
1608807600000,23122.51,23294.16,23049.95,23218.68,2376.6
1608811200000,23218.67,23296.05,23012.29,23200.0,2611.9
1608814800000,23203.69,23391.02,23130.0,23379.65,2654.0
1608818400000,23379.02,23425.95,23154.39,23215.21,2550.4
1608822000000,23215.21,23295.77,23100.0,23232.12,2439.5
1608825600000,23232.12,23345.0,23108.01,23219.76,2635.5
1608829200000,23219.76,23460.97,23160.73,23377.27,2340.0
1608832800000,23377.27,23419.57,23280.0,23313.35,1288.9
1608836400000,23314.23,23404.39,23250.18,23287.15,1169.6
1608840000000,23287.16,23560.0,23258.35,23525.42,2155.7
1608843600000,23526.22,23563.54,23366.84,23413.51,2509.5
1608847200000,23413.51,23750.0,23385.98,23711.0,3315.7
1608850800000,23707.85,23794.43,23615.0,23729.2,5023.2
1608854400000,23728.99,23827.54,23560.0,23622.66,3243.4
1608858000000,23622.71,23654.83,23532.54,23597.21,1487.5
1608865200000,23597.2,23597.2,23433.6,23481.21,1496.0
1608868800000,23481.2,23617.64,23451.79,23612.78,1083.6
1608872400000,23612.77,23649.0,23526.67,23599.22,1384.7
1608876000000,23599.22,23681.19,23546.33,23625.46,1644.9
1608879600000,23625.47,23679.99,23510.72,23649.82,2172.2
1608883200000,23650.99,23870.0,23600.0,23677.44,4010.2
1608886800000,23677.44,23982.82,23643.96,23934.52,4235.3
1608890400000,23934.52,24032.0,23766.66,23975.26,5330.8
1608894000000,23977.42,24681.0,23902.43,24574.4,11279.8
1608897600000,24574.4,24642.34,24337.26,24346.97,4824.5
1608901200000,24346.97,24550.0,24330.0,24500.0,3177.6
1608904800000,24499.99,24520.0,23785.5,24026.72,5976.2
1608908400000,24026.71,24199.93,23949.17,24025.13,4244.4
1608912000000,24025.13,24298.82,24003.0,24082.01,4287.1
1608915600000,24082.01,24265.77,23987.16,24185.62,3000.3
1608919200000,24185.62,24427.64,24136.84,24356.31,2665.3
1608922800000,24356.31,24520.0,24294.9,24449.66,3217.2
1608926400000,24449.66,24490.28,24351.47,24455.05,1937.8
1608930000000,24455.05,24456.9,24198.6,24419.39,1900.1
1608933600000,24419.6,24650.0,24368.47,24584.0,2707.4
1608937200000,24584.0,24789.86,24511.58,24712.47,4213.6
1608940800000,24712.47,24785.81,24519.86,24602.25,2576.8
1608944400000,24601.07,24932.16,24500.0,24907.78,3747.8
1608948000000,24907.78,24976.0,24750.0,24838.27,3438.9
1608951600000,24838.27,25039.96,24815.52,24909.79,3949.9
1608955200000,24909.8,24920.0,24745.41,24810.06,2386.0
1608958800000,24810.06,24843.44,24661.3,24708.87,2783.6
1608962400000,24708.87,24868.98,24652.54,24830.66,1689.1
1608966000000,24830.66,24933.0,24715.91,24784.48,1636.2
1608969600000,24784.48,25000.0,24754.16,24901.36,2493.0
1608973200000,24901.36,24914.81,24725.0,24859.36,2486.7
1608976800000,24859.36,24899.1,24562.5,24732.06,2725.8
1608980400000,24730.4,24887.17,24706.16,24834.36,2180.2
1608984000000,24834.36,24948.7,24734.94,24892.05,2312.5
1608987600000,24892.06,24987.34,24809.49,24942.42,2723.0
1608991200000,24942.42,25434.03,24882.55,25381.12,7468.4
1608994800000,25381.2,25673.52,25339.18,25629.99,6698.5
1608998400000,25629.99,25945.01,25575.0,25864.61,8270.4
1609002000000,25864.62,26000.0,25674.87,25789.84,5621.9
1609005600000,25789.84,25859.0,25580.58,25619.24,2877.8
1609009200000,25619.24,25932.25,25590.0,25931.02,2902.6
1609012800000,25931.02,26485.0,25810.56,26417.3,6943.3
1609016400000,26417.3,26867.03,26332.57,26702.19,10091.2
1609020000000,26702.18,26799.8,25842.0,26413.43,6382.9
1609023600000,26413.42,26660.0,26362.26,26493.39,3419.8
1609027200000,26493.4,26850.0,26488.41,26759.35,5332.0
1609030800000,26759.35,26963.46,26503.87,26619.73,6172.6
1609034400000,26619.14,26859.5,26500.0,26573.9,4905.7
1609038000000,26573.9,26649.5,26427.16,26568.08,2920.8
1609041600000,26568.24,26839.84,26567.81,26744.76,2728.1
1609045200000,26744.76,26939.98,26705.13,26889.94,2630.7
1609048800000,26889.94,27750.0,26886.47,27635.28,9599.1
1609052400000,27635.28,27777.82,27453.53,27639.38,5115.6
1609056000000,27639.39,27935.4,27310.0,27457.0,7892.8
1609059600000,27460.52,27855.0,27200.02,27818.18,6637.5
1609063200000,27818.18,27893.5,27687.13,27822.16,3299.4
1609066800000,27822.17,28422.0,26566.0,27646.48,15858.1
1609070400000,27647.55,27648.75,26600.0,27205.48,12613.5
1609074000000,27205.47,27597.19,27060.0,27519.48,5802.7
1609077600000,27519.48,27777.0,27232.45,27335.65,7144.7
1609081200000,27334.47,27480.0,27000.0,27359.62,5962.3
1609084800000,27360.09,27490.0,26600.0,27089.44,9368.3
1609088400000,27089.45,27089.55,26677.0,26801.35,5321.9
1609092000000,26803.49,27070.01,26600.0,27061.41,4254.6
1609095600000,27062.67,27296.28,26987.84,27081.67,3438.5
1609099200000,27081.98,27095.18,26174.58,26223.51,6281.8
1609102800000,26219.88,26512.0,25700.0,26400.97,8265.4
1609106400000,26404.45,26699.99,26263.2,26521.14,3178.0
1609110000000,26521.14,26713.96,26219.0,26281.66,3731.6
1609113600000,26281.54,26976.0,26101.0,26877.7,5350.1
1609117200000,26877.69,27356.3,26800.01,27062.0,5307.9
1609120800000,27060.42,27169.64,26910.27,27085.0,2603.5
1609124400000,27082.52,27290.0,26918.51,27275.65,2446.3
1609128000000,27275.66,27332.0,26848.57,26864.11,2359.4
1609131600000,26864.1,27153.9,26798.94,26942.62,2718.5
1609135200000,26942.62,27100.0,26830.0,27057.63,2358.0
1609138800000,27056.15,27200.0,27001.31,27001.31,3529.4
1609142400000,27001.32,27080.0,26705.41,26937.88,3589.3
1609146000000,26936.25,27000.0,26750.66,26835.83,2573.7
1609149600000,26835.84,26922.28,26557.73,26720.58,3512.8
1609153200000,26720.02,26889.71,26609.51,26859.07,2728.0
1609156800000,26859.07,27145.27,26711.57,27097.28,4004.1
1609160400000,27097.27,27500.0,27097.27,27249.22,5710.9
1609164000000,27249.22,27355.0,27130.02,27276.11,3247.0
1609167600000,27276.13,27320.0,26830.16,26916.32,4219.1
1609171200000,26916.32,27157.31,26743.0,27066.44,3763.7
1609174800000,27066.43,27236.71,27021.21,27140.96,2273.6
1609178400000,27140.89,27228.53,26898.0,27023.55,2852.9
1609182000000,27022.83,27196.09,26945.39,26996.74,2406.5
1609185600000,26996.73,27098.38,26678.0,26866.97,3655.9
1609189200000,26866.97,26958.64,26620.4,26627.3,2273.4
1609192800000,26627.31,26940.95,26415.09,26891.69,3469.1
1609196400000,26891.69,27163.77,26836.01,27079.41,2768.6
1609200000000,27079.42,27116.78,26758.88,26811.29,2597.8
1609203600000,26811.27,26857.01,26636.92,26830.53,2422.6
1609207200000,26829.64,26949.07,26727.25,26858.37,1421.3
1609210800000,26858.37,26863.07,26433.78,26444.6,3296.2
1609214400000,26445.5,26583.65,26203.0,26487.62,4009.7
1609218000000,26489.07,26492.0,25880.0,26452.18,5229.1
1609221600000,26452.4,26533.3,26264.52,26356.22,2499.7
1609225200000,26356.23,26462.94,26145.46,26435.63,1894.0
1609228800000,26436.53,26765.35,26434.49,26660.36,3037.2
1609232400000,26660.6,26745.0,26521.14,26590.6,2098.5
1609236000000,26586.94,26860.0,26586.43,26741.03,2462.7
1609239600000,26741.04,26900.0,26565.13,26876.4,2525.7
1609243200000,26874.55,27100.0,26858.51,26893.22,3680.9
1609246800000,26893.22,26977.16,26730.0,26880.0,2050.1
1609250400000,26880.01,26902.22,26600.65,26664.49,2589.5
1609254000000,26664.49,26734.4,26433.0,26614.97,2674.2
1609257600000,26615.28,26625.99,26204.99,26430.84,4570.6
1609261200000,26428.1,26628.98,26243.5,26621.46,3245.1
1609264800000,26621.08,26749.82,26565.01,26591.29,2628.1
1609268400000,26591.38,26943.89,26505.94,26931.62,2870.0
1609272000000,26931.51,27000.0,26743.42,26989.63,2729.8
1609275600000,26990.0,27200.87,26820.38,26913.12,3772.2
1609279200000,26911.36,27117.0,26893.78,27048.32,1592.3
1609282800000,27048.34,27410.0,26945.57,27385.0,3514.2
1609286400000,27385.0,27837.71,27374.87,27630.74,6744.7
1609290000000,27630.75,27720.0,27530.89,27615.85,2038.1
1609293600000,27615.84,28000.0,27498.92,27999.14,4435.2
1609297200000,28000.0,28239.0,27814.67,28065.54,5194.0
1609300800000,28066.57,28205.37,27722.22,27897.49,4097.6
1609304400000,27897.49,28159.0,27828.28,28016.74,2801.3
1609308000000,28016.74,28577.56,27933.0,28380.0,6657.0
1609311600000,28379.99,28598.74,28270.0,28386.62,3640.0
1609315200000,28389.02,28579.92,27559.23,27732.3,7768.6
1609318800000,27732.86,27898.63,27320.0,27855.91,5325.6
1609322400000,27855.91,28063.97,27742.43,27850.02,3071.0
1609326000000,27850.02,27947.92,27595.43,27838.82,2876.3
1609329600000,27836.95,27934.43,27577.0,27858.73,2466.7
1609333200000,27858.72,28167.21,27768.7,27869.61,3489.0
1609336800000,27871.05,28184.44,27871.05,28182.98,2539.7
1609340400000,28182.98,28291.82,27984.19,28153.76,3130.4
1609344000000,28153.75,28240.37,27887.0,28153.78,3010.4
1609347600000,28153.77,28309.88,28050.0,28239.69,2913.7
1609351200000,28239.68,28530.0,28239.68,28510.86,3992.5
1609354800000,28510.86,28900.05,28444.0,28776.46,7242.9
1609358400000,28776.45,28996.0,28603.24,28785.67,4271.3
1609362000000,28785.67,28980.0,28534.7,28875.21,3551.0
1609365600000,28875.21,28903.93,28571.84,28703.88,1915.7
1609369200000,28704.0,28911.52,28630.0,28875.54,2183.2
1609372800000,28875.55,29300.0,28869.78,29120.51,5524.8
1609376400000,29120.5,29177.41,28120.67,28743.57,6991.5
1609380000000,28743.58,28792.76,28600.38,28720.49,1906.4
1609383600000,28720.48,29147.75,28711.06,29024.0,2583.1
1609387200000,29024.01,29185.0,28824.61,29028.35,2767.8
1609390800000,29028.34,29031.66,28738.1,28972.2,2155.5
1609394400000,28972.2,29074.22,28849.5,28859.01,2126.7
1609398000000,28859.02,29285.0,28859.02,29155.25,3192.1
1609401600000,29155.24,29210.83,28780.0,28926.31,3372.8
1609405200000,28926.32,29067.82,28580.0,28989.99,2954.2
1609408800000,28989.99,29168.37,28960.17,29136.49,2032.7
1609412400000,29136.49,29140.0,28888.43,28910.3,2148.7
1609416000000,28910.29,28989.03,28400.0,28617.6,4468.9
1609419600000,28617.65,28635.9,27850.0,28519.0,7710.0
1609423200000,28519.25,28523.47,28111.25,28371.51,3624.6
1609426800000,28371.52,28840.26,28369.53,28770.0,3793.6
1609430400000,28782.01,28822.59,28311.0,28380.6,2970.4
1609434000000,28382.47,28723.68,28362.0,28571.97,2435.6
1609437600000,28571.97,28898.0,28424.56,28872.25,2579.4
1609441200000,28872.24,29000.0,28742.41,28897.83,2293.8
1609444800000,28897.84,29139.65,28862.0,29126.7,1936.5
1609448400000,29126.71,29169.55,28900.79,28966.36,2524.5
1609452000000,28966.36,29143.73,28910.19,29100.84,1438.5
1609455600000,29100.83,29110.35,28780.0,28923.63,1976.4
1609459200000,28923.63,29031.34,28690.17,28995.13,2311.8
1609462800000,28995.13,29470.0,28960.35,29409.99,5403.1
1609466400000,29410.0,29465.26,29120.03,29194.65,2384.2
1609470000000,29195.25,29367.0,29150.02,29278.4,1461.3
1609473600000,29278.41,29395.0,29029.4,29220.31,2038.0
1609477200000,29220.31,29235.28,29084.11,29187.01,1470.0
1609480800000,29187.01,29270.0,29077.32,29174.35,1420.7
1609484400000,29174.35,29191.98,28806.54,29092.83,2380.2
1609488000000,29092.84,29178.03,28872.24,29000.01,2008.2
1609491600000,29000.01,29307.73,28970.0,29202.21,2022.1
1609495200000,29202.21,29344.97,29152.88,29223.82,1944.3
1609498800000,29223.82,29402.57,29212.44,29313.49,2309.2
1609502400000,29313.49,29600.0,29150.0,29233.49,4191.9
1609506000000,29233.49,29470.0,29200.0,29464.79,2211.3
1609509600000,29464.79,29530.0,29266.15,29327.84,2612.7
1609513200000,29327.83,29391.0,29030.14,29188.67,2779.1
1609516800000,29188.67,29360.0,29125.0,29300.57,1490.3
1609520400000,29300.79,29339.76,28937.0,29079.64,2505.0
1609524000000,29077.59,29259.98,28624.57,29072.7,4226.4
1609527600000,29072.7,29125.32,28950.0,29029.04,1629.2
1609531200000,29029.04,29279.72,28880.37,29200.96,1838.5
1609534800000,29200.97,29289.82,29130.0,29160.39,1447.2
1609538400000,29163.17,29326.74,29104.57,29262.32,1127.0
1609542000000,29262.32,29338.89,29228.14,29331.69,971.1
1609545600000,29331.7,29338.59,28946.53,29197.48,2638.2
1609549200000,29197.93,29400.0,29100.0,29359.47,1892.0
1609552800000,29359.46,29469.0,29320.01,29323.82,1704.8
1609556400000,29323.82,29382.49,29256.85,29351.95,1158.0
1609560000000,29351.95,29396.0,29220.0,29349.63,988.7
1609563600000,29349.63,29590.0,29349.63,29589.99,2778.9
1609567200000,29589.99,29745.0,29450.0,29709.07,3030.2
1609570800000,29709.06,29820.5,29623.31,29750.0,3067.8
1609574400000,29751.47,29849.11,29640.0,29844.51,2358.1
1609578000000,29844.52,29899.0,29578.05,29612.87,3188.5
1609581600000,29612.88,29829.0,29473.91,29680.99,2315.2
1609585200000,29679.51,29780.53,29622.79,29755.0,1365.0
1609588800000,29754.99,30888.0,29741.39,30604.03,12772.6
1609592400000,30604.03,31561.87,30521.0,31541.17,9182.4
1609596000000,31546.06,31567.89,31065.0,31290.53,6447.8
1609599600000,31290.53,31800.0,31236.37,31691.29,5626.2
1609603200000,31691.09,33000.0,31616.42,32482.28,15432.3
1609606800000,32484.28,32935.0,32394.77,32856.96,6402.2
1609610400000,32856.95,33300.0,32421.0,32999.98,7170.3
1609614000000,32999.98,33220.0,32690.0,33027.2,5844.9
1609617600000,33027.2,33061.37,30550.0,30667.22,15733.3
1609621200000,30669.43,32005.94,30300.0,31694.59,10395.1
1609624800000,31693.53,32311.92,31424.96,32145.66,3879.1
1609628400000,32143.53,32246.67,31500.0,32178.33,4622.3
1609632000000,32176.45,32497.8,31962.99,32447.94,3346.1
1609635600000,32447.95,32790.07,32201.0,32585.09,3401.2
1609639200000,32583.04,32884.09,32550.0,32741.67,2017.2
1609642800000,32741.68,32756.0,32404.0,32573.87,2125.9
1609646400000,32576.11,33250.0,32450.0,33192.53,3436.1
1609650000000,33192.53,34180.0,33109.44,33758.67,10355.1
1609653600000,33758.67,34110.05,33651.12,33967.13,4526.9
1609657200000,33967.13,34778.11,33737.19,34452.34,7968.1
1609660800000,34451.78,34670.41,33757.29,34367.68,6146.8
1609664400000,34367.35,34588.88,33800.0,34190.55,6052.7
1609668000000,34189.98,34350.0,33403.0,33877.96,6335.2
1609671600000,33877.96,34450.0,33787.55,34413.53,4116.9
1609675200000,34413.53,34600.0,33928.75,34103.72,4546.3
1609678800000,34103.73,34385.02,33800.0,33880.0,4373.7
1609682400000,33877.98,34150.0,33450.0,33811.54,5928.8
1609686000000,33811.54,33873.45,32727.0,33506.62,8391.2
1609689600000,33505.15,33822.69,32650.0,32676.74,7983.7
1609693200000,32676.75,33333.33,32454.73,32909.27,7447.8
1609696800000,32907.51,33031.57,32267.0,32769.76,4707.2
1609700400000,32769.79,32930.0,32455.71,32772.21,2288.4
1609704000000,32775.1,33816.0,32727.1,33726.21,5420.7
1609707600000,33725.72,33861.92,33506.0,33558.34,2123.1
1609711200000,33559.06,33661.1,33000.0,33119.14,2841.0
1609714800000,33119.14,33600.0,32600.0,33000.05,5077.6
1609718400000,33000.05,33111.44,32400.25,32843.88,4792.2
1609722000000,32843.89,33327.0,32602.47,33191.04,3390.0
1609725600000,33191.05,33588.0,32958.38,33454.22,3180.4
1609729200000,33454.21,33510.71,33160.0,33505.16,3174.2
1609732800000,33505.15,33600.0,33186.14,33257.55,3167.0
1609736400000,33257.56,33315.9,32802.25,32813.01,3990.7
1609740000000,32813.01,33408.0,32813.0,33100.02,4768.8
1609743600000,33100.02,33148.69,31505.0,32068.84,9472.4
1609747200000,32068.84,32567.88,31450.0,32045.14,6529.3
1609750800000,32045.15,32152.15,30248.85,31038.63,11271.9
1609754400000,31038.35,31227.33,28130.0,30270.76,19376.8
1609758000000,30270.76,30900.2,29400.0,30743.06,9413.5
1609761600000,30742.99,31434.07,30454.25,31219.02,8316.9
1609765200000,31219.03,31400.0,30600.0,31400.0,5474.7
1609768800000,31400.0,32167.93,31400.0,32113.68,7479.4
1609772400000,32113.68,32185.67,31550.0,31745.72,5321.6
1609776000000,31745.71,31920.0,30723.0,31320.31,8174.3
1609779600000,31320.3,31523.01,30626.36,31024.17,4962.6
1609783200000,31022.25,31465.44,31001.0,31165.16,3361.4
1609786800000,31165.16,31855.75,31104.99,31665.51,3388.4
1609790400000,31665.52,31830.95,31210.0,31244.97,2851.0
1609794000000,31244.97,31579.0,30856.08,31014.27,3202.5
1609797600000,31014.27,31474.78,30950.0,31332.05,1646.5
1609801200000,31332.05,32031.01,31150.0,31988.71,4193.6
1609804800000,31989.75,32853.38,31989.74,32430.49,7707.6
1609808400000,32430.69,32796.0,32224.25,32786.06,4247.0
1609812000000,32786.05,32828.26,32221.1,32306.64,3163.4
1609815600000,32306.64,32536.09,31130.86,31200.0,5695.0
1609819200000,31190.04,31538.45,30418.0,30858.98,7229.5
1609822800000,30858.98,31366.16,29900.0,30436.25,6367.0
1609826400000,30436.26,31270.43,29900.0,31123.25,6611.2
1609830000000,31123.25,31312.03,30759.47,30817.77,2811.4
1609833600000,30817.78,31522.19,30817.78,31192.09,3237.1
1609837200000,31192.16,31821.94,31157.9,31569.63,3935.6
1609840800000,31569.63,31687.11,31088.33,31345.77,3174.8
1609844400000,31347.73,31777.0,31284.15,31776.66,2908.1
1609848000000,31776.66,32057.13,31563.84,31585.01,4161.6
1609851600000,31585.0,31900.0,31416.27,31460.01,2523.0
1609855200000,31460.11,32375.07,31111.78,32342.33,5942.1
1609858800000,32343.61,32374.31,31929.41,32099.98,3616.6
1609862400000,32099.97,32670.0,31763.23,32469.9,4926.2
1609866000000,32469.9,32790.0,32254.18,32742.73,3599.6
1609869600000,32742.73,33433.55,32650.03,33372.84,6647.0
1609873200000,33372.83,34187.09,33098.82,33697.75,8659.3
1609876800000,33693.8,34044.13,33318.0,33969.17,5800.7
1609880400000,33968.66,33996.03,33471.94,33699.63,3682.1
1609884000000,33699.63,34360.0,33695.6,34183.42,4616.4
1609887600000,34183.43,34284.91,33650.0,33949.53,4787.7
1609891200000,33949.53,34107.59,33288.0,33918.01,6106.4
1609894800000,33918.01,34018.93,33513.05,33811.28,3237.7
1609898400000,33811.28,34135.84,33768.32,33873.3,3252.3
1609902000000,33873.3,34170.0,33652.0,34117.59,3183.1
1609905600000,34116.76,35766.58,34109.83,35325.91,12735.4
1609909200000,35326.82,35590.0,34510.0,34978.91,5595.8
1609912800000,34977.27,35229.1,34782.44,35125.51,3923.0
1609916400000,35125.49,35248.63,34350.0,34676.4,3898.7
1609920000000,34666.8,34950.77,34015.0,34594.28,5094.8
1609923600000,34596.08,34607.69,33357.9,33919.5,5753.9
1609927200000,33919.5,34550.0,33834.61,34417.36,3851.6
1609930800000,34417.37,35200.0,34342.87,34918.53,6362.8
1609934400000,34918.54,35088.0,34415.61,34929.87,4569.5
1609938000000,34929.87,35050.0,34300.0,34550.0,4296.3
1609941600000,34549.99,34593.5,34052.42,34213.46,5728.4
1609945200000,34213.58,34790.0,34150.0,34566.19,4050.2
1609948800000,34566.18,35076.42,34372.92,34612.41,6143.0
1609952400000,34615.98,35057.81,34562.0,34898.52,3410.3
1609956000000,34898.52,35245.0,34894.22,35215.75,3704.0
1609959600000,35215.75,35695.0,34652.6,34816.72,5619.2
1609963200000,34818.95,36250.0,34280.0,36015.88,10922.4
1609966800000,36015.16,36470.0,35650.0,35874.16,7481.3
1609970400000,35869.97,36379.99,35700.92,35989.63,2717.8
1609974000000,35989.64,36939.21,35949.12,36769.36,5501.4
1609977600000,36769.36,37287.63,36422.71,37150.66,6259.6
1609981200000,37150.66,37227.61,36615.83,36871.47,4542.0
1609984800000,36871.47,37087.01,36456.0,36962.37,4113.0
1609988400000,36962.37,37699.0,36926.53,37454.48,4747.6
1609992000000,37452.62,37550.0,37056.12,37450.95,4100.0
1609995600000,37450.95,37700.8,37100.77,37347.2,4337.6
1609999200000,37347.2,37439.75,36710.0,37130.84,4095.4
1610002800000,37130.85,37338.72,36720.0,36859.85,3782.3
1610006400000,36863.04,37350.0,36300.0,37217.55,5254.6
1610010000000,37217.55,37500.99,36905.0,37492.69,4407.0
1610013600000,37492.7,37500.0,36920.0,37045.45,3236.8
1610017200000,37045.45,37913.72,37038.97,37822.09,4315.5
1610020800000,37825.64,38200.0,37518.0,37941.36,6363.4
1610024400000,37941.37,38429.0,37900.0,38161.6,5364.3
1610028000000,38161.6,38644.76,38079.02,38453.97,5516.6
1610031600000,38450.51,38970.42,38062.75,38970.42,5401.4
1610035200000,38970.41,39500.0,38921.49,39120.01,8054.6
1610038800000,39120.01,39775.0,39101.36,39732.92,4853.7
1610042400000,39732.92,40365.0,36500.0,38948.48,16920.7
1610046000000,38907.58,39236.12,37493.52,39062.0,9539.5
1610049600000,39061.99,39199.33,38352.88,39109.38,4364.1
1610053200000,39111.34,39882.07,38908.11,39687.11,4533.6
1610056800000,39687.11,39969.0,39150.0,39665.92,2855.6
1610060400000,39666.0,39680.54,38541.38,39432.28,5866.7
1610064000000,39432.48,39699.87,38793.23,38793.23,3387.2
1610067600000,38793.24,39000.0,37800.0,38681.37,5775.4
1610071200000,38681.38,38692.83,36500.0,37181.74,9364.2
1610074800000,37181.74,38460.13,37068.4,38347.1,5036.7
1610078400000,38347.11,38949.97,38155.61,38668.92,5126.7
1610082000000,38668.92,38700.0,37895.0,37975.25,4384.2
1610085600000,37980.53,38685.13,37563.92,38537.94,3989.8
1610089200000,38538.99,39143.8,38280.16,38930.55,4177.5
1610092800000,38929.56,38985.06,38414.7,38648.95,3277.7
1610096400000,38648.96,39374.22,38222.0,39358.34,3995.8
1610100000000,39358.99,41057.79,39220.0,40721.45,10298.2
1610103600000,40722.71,41500.45,40345.39,41286.67,9286.5
1610107200000,41286.67,41785.9,40857.37,41316.91,7590.3
1610110800000,41318.03,41641.83,40700.0,41311.18,5331.5
1610114400000,41313.24,41564.72,40970.22,41454.13,3918.2
1610118000000,41454.13,41950.0,39777.0,40829.08,12864.0
1610121600000,40829.07,41600.0,40359.67,41303.42,6293.1
1610125200000,41303.41,41556.19,40888.88,41009.07,3675.2
1610128800000,41009.08,41153.0,39800.0,39920.39,6673.7
1610132400000,39920.67,40700.0,39900.35,40365.09,3881.1
1610136000000,40365.09,40500.0,38888.0,39059.15,9598.1
1610139600000,39062.88,40116.37,38652.0,40075.82,6171.4
1610143200000,40075.82,40785.0,39740.95,40674.45,3008.0
1610146800000,40672.02,40937.77,40465.76,40582.81,2685.6
1610150400000,40586.96,40976.13,39980.27,40283.56,4382.3
1610154000000,40286.09,40321.92,39710.0,40198.56,4543.7
1610157600000,40196.51,40561.97,39500.0,39973.0,3032.0
1610161200000,39973.0,40376.69,39709.61,40211.59,1917.8
1610164800000,40209.91,40490.0,39805.03,40206.44,1976.5
1610168400000,40206.43,40206.43,39154.48,39295.37,3025.0
1610172000000,39293.41,39627.11,38888.0,38984.86,4352.6
1610175600000,38978.46,39692.0,38720.0,39638.61,3109.9
1610179200000,39639.21,40254.42,39290.86,40172.14,3082.0
1610182800000,40167.54,40790.0,40164.03,40348.35,3653.4
1610186400000,40348.36,40800.0,40105.51,40376.03,3130.4
1610190000000,40376.03,41237.44,40256.73,40565.77,4683.0
1610193600000,40565.77,40912.48,40410.01,40874.99,2732.2
1610197200000,40874.99,41222.0,40679.1,41051.65,3818.7
1610200800000,41051.66,41380.0,40700.0,40819.01,3867.8
1610204400000,40819.01,40953.0,40200.0,40525.15,3364.4
1610208000000,40525.16,40649.96,39869.0,39995.1,3942.1
1610211600000,39995.09,40586.87,39985.45,40421.4,2205.7
1610215200000,40421.4,40800.0,40417.36,40650.01,2109.2
1610218800000,40650.0,40880.0,40469.4,40665.91,1864.1
1610222400000,40665.91,40781.69,40050.0,40606.22,3330.7
1610226000000,40610.35,40755.0,40483.17,40718.8,2433.8
1610229600000,40718.81,40743.47,40120.0,40281.09,1973.3
1610233200000,40283.73,40415.01,39928.91,40088.22,3255.5
1610236800000,40088.22,40736.76,40087.15,40581.48,2697.2
1610240400000,40581.48,41350.0,40450.05,41141.56,4299.2
1610244000000,41141.55,41145.21,40814.04,40945.28,2353.9
1610247600000,40942.75,40991.2,40250.0,40316.64,2477.3
1610251200000,40320.67,40602.29,40050.0,40342.46,2787.0
1610254800000,40342.46,40665.23,40260.0,40451.84,2044.5
1610258400000,40451.74,41073.26,40350.0,40904.5,2194.9
1610262000000,40904.5,41066.62,40660.88,40978.57,2143.5
1610265600000,40978.57,41033.0,40555.0,40798.29,2415.9
1610269200000,40798.3,41060.0,40732.0,40768.48,2643.0
1610272800000,40768.3,40850.0,40000.0,40429.2,5145.1
1610276400000,40429.19,40429.56,38888.0,39181.76,8619.3
1610280000000,39175.09,39777.77,38450.0,39538.57,6929.9
1610283600000,39538.56,40126.0,39426.59,39800.9,3799.3
1610287200000,39800.89,39847.26,39247.54,39431.59,3199.9
1610290800000,39431.58,39934.76,39062.91,39671.81,3219.5
1610294400000,39671.82,39757.55,39186.16,39234.29,2904.1
1610298000000,39232.76,39388.2,37200.0,38571.86,12879.6
1610301600000,38571.95,38778.0,37675.3,38109.68,6090.7
1610305200000,38106.11,38536.65,37111.0,37456.77,4232.5
1610308800000,37472.4,37793.5,35111.11,37718.88,18938.3
1610312400000,37727.29,38288.17,37525.22,38055.3,7661.1
1610316000000,38052.58,39000.0,37852.09,38428.23,4739.7
1610319600000,38429.85,38692.79,37935.92,38150.02,3794.3
1610323200000,38150.02,38264.74,36501.0,37192.1,7568.9
1610326800000,37192.1,37824.0,36700.09,37237.66,4216.0
1610330400000,37237.67,37411.0,36123.45,36363.94,6796.6
1610334000000,36363.93,36697.97,33600.0,35438.23,18753.4
1610337600000,35438.23,35999.95,34300.0,35544.0,9555.2
1610341200000,35542.92,35924.19,34500.18,34904.73,7098.5
1610344800000,34904.73,34904.73,32550.0,32872.63,15763.1
1610348400000,32843.26,34739.98,32538.0,34375.34,12674.2
1610352000000,34372.25,35919.86,34249.0,35430.0,6432.4
1610355600000,35430.0,35788.06,34800.0,35765.98,5625.5
1610359200000,35765.98,36360.0,35238.01,35367.6,6245.6
1610362800000,35368.81,35471.0,34020.0,34198.56,7167.3
1610366400000,34198.55,35110.0,33308.01,34275.64,9904.3
1610370000000,34273.49,34450.0,32700.0,32813.71,12794.4
1610373600000,32808.92,33770.11,31115.0,33299.12,23220.8
1610377200000,33291.56,33679.74,31415.9,31580.0,11202.3
1610380800000,31582.82,32250.0,30420.0,31777.19,20017.1
1610384400000,31771.77,33585.17,30701.8,32839.87,16685.1
1610388000000,32848.96,33300.0,32432.32,32562.1,7184.9
1610391600000,32562.1,32737.4,31215.0,32254.62,7289.2
1610395200000,32254.63,33465.48,31408.07,33409.8,8540.9
1610398800000,33410.75,34466.0,33076.05,33968.09,9804.0
1610402400000,33962.22,34892.74,33650.0,34359.07,5403.7
1610406000000,34361.16,35638.55,34361.16,35404.47,9188.3
1610409600000,35410.37,35547.19,34287.34,34929.98,6612.0
1610413200000,34929.99,35457.0,33880.0,34289.3,5087.4
1610416800000,34289.3,34623.87,33677.03,34399.99,4906.3
1610420400000,34400.0,34998.94,34182.24,34984.96,3550.3
1610424000000,34984.95,35326.42,34520.69,35287.67,4020.9
1610427600000,35284.05,35889.0,34971.24,35882.68,5053.3
1610431200000,35882.68,36348.0,35720.43,35993.93,6584.7
1610434800000,35998.56,36628.0,35617.67,36413.6,6162.1
1610438400000,36413.6,36499.98,35587.86,35773.24,5138.3
1610442000000,35773.23,36150.67,35370.21,35925.76,3783.3
1610445600000,35925.76,36150.71,34757.0,35085.77,6437.9
1610449200000,35085.76,35841.01,35084.92,35410.99,4770.0
1610452800000,35410.99,35688.82,34850.0,35014.75,4399.5
1610456400000,35012.96,35399.7,33250.0,33291.06,10038.2
1610460000000,33286.0,34064.25,32531.0,33426.47,11811.4
1610463600000,33416.47,34285.71,33406.88,33829.4,6681.5
1610467200000,33829.4,35000.0,33819.11,34998.9,5939.8
1610470800000,34998.91,35289.67,34560.0,35012.53,5687.0
1610474400000,35012.54,35550.0,34810.01,35040.78,4048.6
1610478000000,35040.78,35040.79,34178.89,34685.11,3815.7
1610481600000,34686.1,34702.22,33730.0,34287.95,5035.0
1610485200000,34287.95,34877.28,33801.04,34719.03,4053.7
1610488800000,34721.74,35051.02,33297.82,33743.18,3949.4
1610492400000,33751.7,34138.84,33260.74,34051.24,6381.9
1610496000000,34049.15,34049.15,32380.0,32526.5,9275.3
1610499600000,32526.93,33450.0,32487.11,33124.06,6231.7
1610503200000,33125.3,33551.55,32566.55,33035.21,5457.3
1610506800000,33035.21,34375.51,32981.94,33818.5,6460.7
1610510400000,33818.5,33910.0,33090.9,33183.88,3956.3
1610514000000,33183.89,33521.96,32800.0,33321.75,3402.3
1610517600000,33321.76,34212.87,33212.12,33780.68,4919.3
1610521200000,33780.68,35180.67,33550.0,34986.9,6468.4
1610524800000,34986.9,35063.59,34438.95,34519.19,5729.5
1610528400000,34517.44,35107.47,34200.0,34343.62,4738.5
1610532000000,34343.62,35066.64,34343.61,34923.0,4760.9
1610535600000,34922.99,35250.0,34242.15,34385.48,5982.9
1610539200000,34385.48,34512.0,34017.0,34266.52,3585.1
1610542800000,34266.52,34787.24,34070.0,34575.5,3664.9
1610546400000,34575.51,35100.0,34216.0,34260.7,5193.5
1610550000000,34260.7,34850.0,34200.0,34673.9,3658.8
1610553600000,34673.9,34930.0,34388.53,34783.14,2872.0
1610557200000,34784.98,35000.0,34652.06,34821.48,2913.4
1610560800000,34821.47,35901.0,34720.0,35719.36,6649.6
1610564400000,35719.36,36188.0,35577.55,36002.25,5312.2
1610568000000,36002.24,36450.01,35704.21,36222.07,5750.0
1610571600000,36222.07,37427.0,36110.76,37299.49,7450.1
1610575200000,37291.25,37850.0,36827.02,37203.87,6042.0
1610578800000,37204.09,37584.73,37000.0,37371.38,4003.1
1610582400000,37371.38,38172.22,37362.49,37762.76,5781.3
1610586000000,37766.0,37786.62,37363.0,37451.13,3460.0
1610589600000,37451.13,37729.62,37071.0,37439.51,4089.9
1610593200000,37440.92,37505.0,37000.0,37045.13,2807.2
1610596800000,37045.13,37513.58,36701.23,37504.0,3609.7
1610600400000,37503.99,37800.0,37299.74,37529.11,3154.2
1610604000000,37529.11,38100.0,37440.0,37837.21,3705.6
1610607600000,37837.2,38596.92,37703.09,38198.34,5294.8
1610611200000,38199.52,38786.1,38192.64,38370.01,3936.8
1610614800000,38370.01,38464.13,37862.04,37938.11,3551.7
1610618400000,37938.1,38490.49,37869.1,38487.37,3151.7
1610622000000,38488.05,38622.6,38060.0,38365.86,3014.5
1610625600000,38365.86,38427.11,37707.0,38257.96,3638.1
1610629200000,38257.97,39000.0,38154.22,38977.66,5153.8
1610632800000,38977.98,39762.7,38788.19,39577.53,9975.3
1610636400000,39577.53,40100.0,39294.7,39546.01,7213.1
1610640000000,39546.01,40000.0,39212.15,39286.44,5390.9
1610643600000,39286.43,39880.0,39286.43,39429.81,3239.7
1610647200000,39429.25,39620.0,39258.1,39344.79,3097.2
1610650800000,39344.8,39919.11,39329.93,39876.98,3010.9
1610654400000,39876.97,39935.1,39312.85,39312.86,2418.3
1610658000000,39321.64,39585.0,38259.25,38780.47,7841.1
1610661600000,38782.41,39135.17,38276.0,38988.62,3319.7
1610665200000,38988.61,39330.92,38733.11,39144.5,3094.8
1610668800000,39145.21,39747.76,39023.24,39452.89,3774.3
1610672400000,39452.89,39640.0,39012.12,39175.74,2907.1
1610676000000,39175.73,39479.65,38800.0,39267.76,2742.8
1610679600000,39267.76,39349.58,38450.0,38700.0,3549.5
1610683200000,38700.0,38853.09,38355.0,38425.83,2792.0
1610686800000,38425.82,38849.99,37808.0,37808.9,3634.1
1610690400000,37808.9,38098.0,37554.94,38043.27,4123.5
1610694000000,38044.94,38483.82,37704.8,38473.08,3768.2
1610697600000,38473.07,38700.0,38153.17,38280.2,3114.0
1610701200000,38280.2,38718.02,38016.17,38679.36,3356.5
1610704800000,38677.24,38780.0,38314.2,38441.89,2224.4
1610708400000,38441.89,38573.84,37923.0,38108.88,3028.5
1610712000000,38108.87,38194.04,37200.0,37770.63,6046.1
1610715600000,37770.64,37888.88,37251.11,37683.94,4557.7
1610719200000,37683.93,37786.74,36641.0,36939.49,6587.8
1610722800000,36940.11,36999.0,35258.0,35610.72,11637.9
1610726400000,35610.79,36400.0,34408.0,36151.09,16406.9
1610730000000,36149.47,36154.75,35350.0,35947.31,7410.9
1610733600000,35947.31,36433.51,34812.23,35421.55,7136.1
1610737200000,35421.56,35928.69,35080.05,35217.26,4051.6
1610740800000,35218.94,35746.24,34801.15,35605.7,5526.4
1610744400000,35605.7,36431.75,35554.13,36234.05,4285.7
1610748000000,36233.76,36888.0,35950.63,36600.0,3398.9
1610751600000,36600.0,36888.0,36401.22,36742.22,2240.1
1610755200000,36737.43,37428.05,36724.17,37159.51,4169.1
1610758800000,37159.51,37669.0,36902.38,37005.86,4102.3
1610762400000,37003.76,37227.16,36000.0,36224.51,4298.9
1610766000000,36224.51,36738.43,35852.93,36532.92,3426.0
1610769600000,36532.92,36700.0,36127.16,36574.54,2089.3
1610773200000,36575.37,36646.43,35520.0,35854.37,4007.4
1610776800000,35854.37,36377.54,35823.8,36112.42,3043.3
1610780400000,36110.57,36959.61,36076.5,36574.86,3649.0
1610784000000,36565.74,37500.0,36375.88,37464.3,4175.6
1610787600000,37462.57,37666.66,37200.0,37448.77,3311.7
1610791200000,37448.78,37950.0,37300.0,37410.66,4140.0
1610794800000,37410.67,37838.23,37179.41,37680.0,2918.8
1610798400000,37680.0,37886.0,36712.0,37357.15,4677.6
1610802000000,37357.15,37681.99,37058.76,37143.51,3239.4
1610805600000,37148.15,37356.26,36671.2,37232.19,3525.3
1610809200000,37232.19,37680.0,36983.05,37461.99,3462.8
1610812800000,37463.46,37713.94,36921.0,37231.41,3881.9
1610816400000,37231.42,37299.99,36800.0,36860.97,2512.1
1610820000000,36859.24,37165.9,36400.0,36484.95,2411.3
1610823600000,36484.95,36621.3,36200.0,36376.39,3971.9
1610827200000,36376.39,36800.0,36235.6,36711.16,3324.7
1610830800000,36713.85,36717.0,35684.82,35924.44,5744.9
1610834400000,35910.07,36194.53,35357.8,36121.12,3505.8
1610838000000,36127.2,36480.0,35900.0,35994.98,2759.4
1610841600000,35994.98,36472.72,35520.0,36396.42,3726.4
1610845200000,36396.42,36727.26,36176.66,36715.63,2847.9
1610848800000,36715.63,36744.05,36235.0,36419.68,1927.7
1610852400000,36419.68,36541.88,35978.0,36177.0,2021.3
1610856000000,36177.0,36382.38,35822.62,35847.46,2093.3
1610859600000,35848.25,36009.42,35475.14,35547.13,2900.4
1610863200000,35547.12,35733.23,35034.96,35390.8,4077.7
1610866800000,35390.8,35530.0,34518.04,34760.9,5014.1
1610870400000,34760.91,34834.41,34300.0,34732.83,5641.1
1610874000000,34732.08,35188.0,34000.0,34176.77,5570.2
1610877600000,34176.78,35147.84,33850.0,34818.0,5718.0
1610881200000,34816.26,35400.0,34727.85,35267.17,3861.7
1610884800000,35270.0,35545.34,34695.46,35124.69,3962.0
1610888400000,35124.07,35500.0,34786.76,34841.83,2919.1
1610892000000,34841.82,35243.64,34666.0,34750.02,2849.0
1610895600000,34750.02,35973.89,34750.01,35728.47,4341.2
1610899200000,35728.47,36166.47,35589.35,35910.07,3578.9
1610902800000,35914.98,36123.14,35603.01,35837.22,2191.9
1610906400000,35837.22,35920.63,35625.4,35678.67,1484.6
1610910000000,35676.58,36000.0,35514.99,35633.91,2043.0
1610913600000,35633.9,36099.0,35559.84,36072.99,1917.7
1610917200000,36073.88,36852.5,36073.87,36542.96,3878.4
1610920800000,36542.97,36700.0,36000.39,36181.16,2247.5
1610924400000,36181.16,36417.51,35506.0,35828.61,3344.5
1610928000000,35824.99,36016.7,35551.81,35964.2,3323.9
1610931600000,35964.19,36180.0,35605.22,36125.44,2561.0
1610935200000,36125.43,36208.0,35681.96,35764.66,2306.0
1610938800000,35764.6,35847.18,34842.99,35106.25,4674.3
1610942400000,35108.27,35313.9,34908.8,35132.11,1922.6
1610946000000,35132.11,35477.06,34800.0,35344.5,2494.1
1610949600000,35344.5,35464.04,35072.69,35195.45,1597.8
1610953200000,35195.44,36278.68,35160.3,36104.61,3917.1
1610956800000,36100.55,36450.0,36073.13,36233.19,2494.4
1610960400000,36233.19,36650.0,36204.15,36574.61,3077.3
1610964000000,36574.63,36633.5,36123.53,36216.63,2686.9
1610967600000,36216.63,36537.0,35771.6,36442.08,3460.5
1610971200000,36443.91,37469.83,36385.0,36981.4,8243.8
1610974800000,36981.4,37050.0,36705.0,36766.78,4234.6
1610978400000,36764.94,36985.0,36047.89,36449.71,3586.8
1610982000000,36449.71,36600.78,36122.0,36405.98,2041.3
1610985600000,36405.99,36565.0,35831.88,36184.31,2789.0
1610989200000,36184.31,36300.0,35400.0,35675.28,3638.8
1610992800000,35675.29,35889.99,35532.32,35755.62,2134.5
1610996400000,35755.62,36065.0,35695.7,35956.14,2040.5
1611000000000,35951.83,36400.0,35755.01,36102.79,2370.5
1611003600000,36102.79,36296.9,35960.0,36198.01,1386.6
1611007200000,36198.01,36529.0,36154.65,36470.06,1403.4
1611010800000,36472.46,36777.77,36271.18,36631.27,2312.3
1611014400000,36622.46,36916.66,36364.43,36676.89,2733.8
1611018000000,36676.89,37280.0,36644.7,36922.44,6704.7
1611021600000,36922.44,37014.19,36579.94,36804.11,3367.2
1611025200000,36804.1,36846.06,36416.52,36465.3,2526.7
1611028800000,36468.31,36648.92,36233.0,36284.71,2229.7
1611032400000,36284.71,36538.46,36018.09,36251.18,2305.6
1611036000000,36249.37,36753.31,36002.01,36599.55,2938.3
1611039600000,36599.55,37233.87,36470.62,37168.82,3825.7
1611043200000,37167.92,37535.27,36897.07,37197.72,5687.6
1611046800000,37197.71,37448.41,37000.08,37040.04,3275.4
1611050400000,37040.05,37299.51,36750.0,37110.6,3322.1
1611054000000,37110.6,37269.0,36811.83,37266.49,2885.7
1611057600000,37263.73,37449.0,36610.0,36782.17,4108.4
1611061200000,36782.16,37146.87,36782.16,37082.52,2645.5
1611064800000,37082.52,37263.49,36913.62,36992.33,2406.3
1611068400000,36992.32,37350.0,36776.5,37329.4,2806.4
1611072000000,37329.4,37850.0,37203.97,37366.1,5147.0
1611075600000,37366.09,37522.8,37015.0,37162.4,2476.8
1611079200000,37162.4,37162.4,36500.0,36500.0,3818.7
1611082800000,36500.0,36800.0,36052.04,36279.82,4162.3
1611086400000,36281.66,36596.17,36100.0,36436.26,2878.7
1611090000000,36436.26,36777.88,36381.91,36452.22,2721.2
1611093600000,36452.22,36769.23,36325.63,36632.82,1252.4
1611097200000,36632.82,36722.71,35844.06,35891.49,3385.2
1611100800000,35901.94,36350.0,35610.17,36314.04,3376.9
1611104400000,36313.94,36415.31,36000.0,36105.27,2185.6
1611108000000,36105.27,36125.86,35708.08,36080.9,2649.7
1611111600000,36080.9,36100.0,35000.0,35062.49,5563.4
1611115200000,35062.49,35440.0,34737.0,35251.36,4580.6
1611118800000,35252.03,35500.01,35192.87,35477.18,2705.0
1611122400000,35477.18,35909.95,35133.68,35262.93,3973.9
1611126000000,35262.92,35884.79,35200.0,35677.14,2748.9
1611129600000,35672.86,35939.12,35350.46,35475.45,2722.8
1611133200000,35475.46,35566.8,34500.0,34801.83,5641.8
1611136800000,34801.46,34979.59,34345.11,34721.51,5228.3
1611140400000,34721.5,34867.99,34000.0,34426.17,5516.5
1611144000000,34426.17,34797.73,34020.0,34717.66,4980.6
1611147600000,34717.66,34983.77,34210.0,34958.56,3863.8
1611151200000,34958.56,35142.18,34800.14,34873.96,3575.8
1611154800000,34875.87,35049.96,34067.16,34192.17,3689.9
1611158400000,34193.11,34733.0,33400.0,34693.65,9164.6
1611162000000,34694.65,35100.01,34558.25,34849.99,3580.9
1611165600000,34843.52,35266.72,34765.24,35250.61,2311.7
1611169200000,35250.39,35311.0,34851.23,35197.12,2621.0
1611172800000,35197.12,35318.39,34734.97,34957.15,1987.7
1611176400000,34957.15,35110.82,34482.75,34892.89,2130.6
1611180000000,34892.9,35100.0,34748.09,34954.86,1119.6
1611183600000,34955.94,35670.0,34798.39,35468.23,3448.6
1611187200000,35468.23,35600.0,35077.35,35293.21,2017.8
1611190800000,35293.21,35384.2,34622.5,34784.69,2831.4
1611194400000,34784.69,34831.42,34364.75,34560.12,3088.0
1611198000000,34560.11,34821.6,34230.76,34571.09,3058.6
1611201600000,34572.42,34923.07,34160.05,34246.48,3255.9
1611205200000,34247.92,34619.66,33971.41,34562.7,3522.8
1611208800000,34562.69,34805.16,34500.36,34661.83,2361.0
1611212400000,34661.83,35019.01,34550.0,34624.27,2505.3
1611216000000,34624.27,34681.73,33195.0,33239.0,7574.1
1611219600000,33237.74,33500.0,32540.0,32878.33,10141.6
1611223200000,32880.08,33067.87,32009.68,32826.62,7957.2
1611226800000,32826.63,33000.0,32153.16,32208.62,6499.2
1611230400000,32206.89,32693.16,31300.0,32475.34,10991.8
1611234000000,32474.48,32784.31,32200.0,32304.44,4837.4
1611237600000,32306.39,32450.0,31037.0,31180.19,10854.2
1611241200000,31181.74,32047.4,31060.81,31384.09,7812.9
1611244800000,31384.19,32210.38,31050.0,31083.5,7922.5
1611248400000,31084.98,32006.43,31038.51,31912.38,4587.7
1611252000000,31912.37,32101.0,31432.64,31742.68,3560.6
1611255600000,31744.26,32751.24,31600.0,32468.66,5995.6
1611259200000,32468.66,32550.0,31862.69,31883.01,4446.7
1611262800000,31880.9,32131.52,31200.0,31229.71,4096.7
1611266400000,31224.71,31249.02,30071.0,30913.18,9566.5
1611270000000,30913.17,31571.88,30579.48,30850.13,5518.6
1611273600000,30851.99,30863.98,29223.03,29528.31,16556.1
1611277200000,29524.48,30436.26,28850.0,30068.29,17679.9
1611280800000,30068.29,30849.98,29781.2,30710.91,8224.7
1611284400000,30710.92,31029.79,30282.97,30943.4,4353.7
1611288000000,30943.4,31414.0,30753.27,30919.6,5349.7
1611291600000,30919.59,31924.44,30711.66,31800.93,5843.7
1611295200000,31814.81,32152.9,31500.26,31542.75,5707.0
1611298800000,31542.6,31878.2,30615.22,30842.45,5871.3
1611302400000,30846.59,31636.99,30500.0,31526.3,5960.0
1611306000000,31526.31,31799.98,31258.94,31414.59,5197.3
1611309600000,31412.74,31766.01,31052.44,31386.37,4556.2
1611313200000,31386.37,31997.0,31375.49,31710.88,6197.7
1611316800000,31712.09,31995.0,31286.0,31550.0,5177.0
1611320400000,31550.0,32322.56,31334.02,32141.8,6045.6
1611324000000,32141.8,32537.67,32132.59,32516.74,5792.0
1611327600000,32516.74,32767.44,32265.66,32458.42,4727.2
1611331200000,32462.79,32626.0,31955.67,32377.56,4665.6
1611334800000,32377.56,32500.0,32070.7,32329.25,2777.8
1611338400000,32329.25,33322.0,32185.44,33277.32,5488.7
1611342000000,33275.67,33655.79,33098.86,33589.52,4699.1
1611345600000,33589.52,33826.53,33320.22,33503.2,3725.0
1611349200000,33501.36,33668.88,33192.13,33290.01,2586.5
1611352800000,33290.01,33606.16,32760.0,32835.29,2591.0
1611356400000,32835.29,33173.01,32580.0,32945.17,3198.8
1611360000000,32950.0,32974.89,32400.0,32702.18,3359.6
1611363600000,32702.18,32935.08,32237.39,32706.76,3198.9
1611367200000,32706.77,32860.0,32053.33,32256.17,3543.4
1611370800000,32256.17,32612.0,32200.0,32365.01,2109.6
1611374400000,32365.0,32810.0,32300.0,32582.01,2171.6
1611378000000,32582.01,33378.52,32267.07,33350.6,3432.5
1611381600000,33357.15,33456.0,32771.99,32820.11,3459.3
1611385200000,32820.11,33150.0,32676.15,32931.18,2401.2
1611388800000,32931.17,33000.0,32597.76,32943.24,2294.7
1611392400000,32943.24,33104.94,32350.0,32453.56,3494.2
1611396000000,32453.56,32532.37,32171.0,32344.37,2788.8
1611399600000,32344.37,32542.37,31511.24,31645.49,4876.6
1611403200000,31643.9,32001.28,31469.25,31602.63,2832.0
1611406800000,31604.51,32289.25,31390.16,31865.19,3721.3
1611410400000,31865.19,31980.0,31650.0,31721.74,2196.2
1611414000000,31719.94,32180.0,31609.05,31877.1,2104.6
1611417600000,31877.1,32328.03,31759.65,32121.84,2518.1
1611421200000,32120.31,32409.97,32044.77,32239.09,2251.8
1611424800000,32238.8,32345.0,31825.0,32167.48,2438.1
1611428400000,32169.92,32500.0,32138.24,32348.79,2045.5
1611432000000,32348.78,32400.0,32021.73,32191.33,1525.0
1611435600000,32192.93,32442.68,31812.5,32344.22,2255.1
1611439200000,32344.21,32538.61,31966.47,32049.97,1596.3
1611442800000,32050.03,32122.78,31835.85,32078.0,1981.0
1611446400000,32078.0,32086.75,31630.0,31876.35,2459.2
1611450000000,31876.35,32084.91,31752.81,31863.84,1404.1
1611453600000,31860.76,32300.0,31784.66,32096.04,1774.9
1611457200000,32096.04,32480.06,32020.0,32480.05,2128.0
1611460800000,32480.06,32879.99,32346.44,32811.05,4046.6
1611464400000,32811.77,32980.0,32720.0,32871.98,2869.5
1611468000000,32871.98,33071.0,32571.52,32757.02,2415.5
1611471600000,32757.03,32853.09,32511.76,32801.15,1803.9
1611475200000,32797.21,33030.0,32570.0,32630.48,2135.8
1611478800000,32630.48,32758.92,32541.32,32641.58,1910.5
1611482400000,32641.57,32724.66,32465.0,32693.74,1565.4
1611486000000,32693.73,32893.93,32693.73,32833.37,1989.1
1611489600000,32833.37,32931.59,32128.15,32362.31,3069.0
1611493200000,32362.32,32415.37,32107.61,32227.29,2663.9
1611496800000,32227.3,32360.02,31929.31,32055.71,2195.4
1611500400000,32055.72,32259.81,31858.68,31957.05,2011.1
1611504000000,31956.9,32139.6,31500.0,31729.07,3614.9
1611507600000,31729.07,31986.12,31635.42,31851.6,2263.5
1611511200000,31851.59,31941.56,31766.81,31831.67,1378.0
1611514800000,31831.66,31841.47,30900.0,31306.29,5345.5
1611518400000,31306.29,31757.17,31250.26,31673.26,2860.5
1611522000000,31673.26,31977.6,31573.31,31909.46,1744.7
1611525600000,31909.46,32348.4,31650.0,32127.97,1991.4
1611529200000,32127.97,32369.59,32015.46,32259.9,2337.6
1611532800000,32259.45,32831.07,32175.61,32574.71,4492.3
1611536400000,32575.15,32908.98,32411.77,32864.98,2900.1
1611540000000,32864.97,32995.0,32636.36,32768.23,2348.0
1611543600000,32768.23,33674.48,32580.3,33568.18,4706.0
1611547200000,33568.17,33797.96,33261.0,33378.93,3754.1
1611550800000,33378.06,33461.53,33188.0,33331.13,2126.6
1611554400000,33331.13,33550.0,33150.0,33496.22,2557.4
1611558000000,33496.22,33562.04,33045.0,33346.95,2786.7
1611561600000,33347.19,33497.88,33188.99,33448.21,2566.7
1611565200000,33449.72,33548.0,32800.0,32979.1,3423.0
1611568800000,32979.1,33166.0,32750.09,33117.43,3417.1
1611572400000,33119.35,33334.57,33040.0,33185.26,1981.5
1611576000000,33185.25,34300.0,33050.0,34180.01,6294.1
1611579600000,34180.01,34693.93,34098.59,34544.49,6947.9
1611583200000,34544.5,34875.0,34280.45,34467.43,4653.6
1611586800000,34467.43,34588.88,34202.69,34458.31,3214.1
1611590400000,34458.31,34600.0,33630.57,33910.96,6140.5
1611594000000,33910.95,34246.66,33700.75,33784.36,3303.0
1611597600000,33784.35,34031.56,33519.0,33672.46,2950.1
1611601200000,33669.27,33788.38,33373.92,33411.54,2213.5
1611604800000,33411.54,33473.92,33061.12,33470.2,3271.4
1611608400000,33463.51,33464.21,32155.28,32718.08,5912.5
1611612000000,32715.53,32732.99,31910.0,32462.36,3761.9
1611615600000,32462.38,32650.0,32201.44,32254.2,2777.0
1611619200000,32254.19,32793.01,31758.0,32474.33,3799.0
1611622800000,32474.34,32827.33,32210.01,32758.85,2324.0
1611626400000,32754.2,32765.41,32230.29,32307.97,2168.3
1611630000000,32307.96,32363.93,31458.0,31518.66,4883.7
1611633600000,31520.25,32181.9,31424.71,32000.01,3361.2
1611637200000,32000.01,32312.46,31784.87,32062.32,2272.5
1611640800000,32062.32,32073.99,31311.93,31581.73,4195.6
1611644400000,31581.72,31782.08,31100.0,31643.61,6371.3
1611648000000,31643.61,31981.99,31527.86,31896.97,2952.7
1611651600000,31896.97,32075.0,31373.0,31804.77,3370.1
1611655200000,31804.78,32450.0,31804.78,32246.68,4058.1
1611658800000,32247.2,32249.98,31650.0,31796.95,2790.0
1611662400000,31798.65,31972.73,31229.45,31296.94,3784.6
1611666000000,31297.76,31920.0,31201.0,31718.97,3556.7
1611669600000,31718.96,31780.6,30837.37,31257.73,6500.2
1611673200000,31259.29,31885.02,31252.0,31750.23,3825.1
1611676800000,31750.24,32122.81,31300.69,31985.3,6316.9
1611680400000,31985.29,32235.0,31895.61,32184.36,2854.4
1611684000000,32184.36,32350.0,31861.22,32224.5,2862.3
1611687600000,32222.88,32403.88,32035.93,32208.33,2678.4
1611691200000,32208.33,32395.0,31855.71,31986.99,2630.7
1611694800000,31986.98,32322.23,31900.0,31987.13,1967.2
1611698400000,31987.13,32733.81,31890.0,32733.81,2170.3
1611702000000,32733.81,32921.88,32454.84,32467.77,3278.7
1611705600000,32464.01,32557.29,31880.0,32335.7,3512.8
1611709200000,32335.71,32457.79,31955.39,32084.6,2850.0
1611712800000,32084.88,32263.56,31758.92,31802.36,1970.0
1611716400000,31802.17,31916.66,31568.28,31800.86,2041.6
1611720000000,31801.27,32030.28,31518.19,31864.36,1767.2
1611723600000,31866.97,31918.71,31365.41,31503.41,2446.3
1611727200000,31503.42,31725.0,31350.0,31669.98,1968.8
1611730800000,31669.98,31890.19,31547.41,31743.33,1912.3
1611734400000,31743.33,31749.28,31142.33,31172.11,3088.1
1611738000000,31172.11,31290.0,30755.0,31201.05,5108.5
1611741600000,31201.06,31400.0,31080.77,31376.9,2985.4
1611745200000,31376.89,31615.38,30578.94,30639.05,4942.3
1611748800000,30635.74,30888.0,30336.18,30759.03,5893.4
1611752400000,30759.02,31057.0,30245.0,30275.3,4235.1
1611756000000,30275.3,30520.0,29241.72,29573.15,9777.5
1611759600000,29573.98,30464.93,29390.0,30322.61,6452.9
1611763200000,30322.59,30948.0,30216.37,30529.57,5435.3
1611766800000,30529.56,30845.81,30101.43,30514.34,4037.4
1611770400000,30508.51,30537.5,29500.0,29709.79,4509.7
1611774000000,29719.93,30850.0,29712.94,30740.33,5614.8
1611777600000,30731.57,31556.0,30512.19,31520.2,5934.2
1611781200000,31520.2,31649.99,30735.01,30958.0,3361.4
1611784800000,30958.01,31051.46,30325.01,30519.93,2605.7
1611788400000,30517.37,30727.14,30084.24,30366.15,3461.2
1611792000000,30362.19,30728.57,29842.1,30671.86,3868.3
1611795600000,30676.28,30917.53,30370.79,30881.94,2527.7
1611799200000,30880.57,31214.51,30788.3,30981.72,3021.3
1611802800000,30987.85,31526.78,30902.81,31404.25,4735.0
1611806400000,31406.9,31590.0,31045.7,31300.73,2910.7
1611810000000,31300.72,31800.0,31057.96,31729.16,3279.9
1611813600000,31729.16,31876.63,31521.37,31564.58,3487.7
1611817200000,31564.75,31597.76,31080.0,31170.53,2809.5
1611820800000,31170.2,31303.15,31001.55,31070.47,2699.2
1611824400000,31070.47,31483.44,30812.26,31466.91,3531.5
1611828000000,31473.33,31585.39,31030.0,31490.29,3025.9
1611831600000,31490.29,31600.0,31178.8,31437.37,2607.6
1611835200000,31437.37,31713.43,31273.54,31477.95,3396.3
1611838800000,31477.95,31840.0,31161.96,31775.12,3636.2
1611842400000,31775.12,32150.0,31612.52,31830.53,5513.9
1611846000000,31829.74,32203.38,31680.69,31926.49,5860.4
1611849600000,31926.49,32436.58,31650.0,32425.71,5460.0
1611853200000,32425.71,32490.0,32160.06,32281.49,3534.2
1611856800000,32281.5,32670.0,32103.44,32633.68,3997.5
1611860400000,32633.69,32747.78,32458.81,32564.71,3898.1
1611864000000,32564.71,32900.0,32392.34,32577.96,3598.0
1611867600000,32577.97,33295.55,32577.96,33183.53,4305.9
1611871200000,33183.53,33488.66,33126.02,33469.67,3851.0
1611874800000,33469.67,33783.98,33026.0,33364.86,7065.1
1611878400000,33368.18,34310.0,33330.93,34150.23,10164.4
1611882000000,34150.23,34304.52,33666.66,33906.57,5122.5
1611885600000,33906.56,34201.14,33770.0,33969.2,4650.6
1611889200000,33969.21,34114.95,33501.0,33733.58,6809.2
1611892800000,33728.99,33934.48,32750.47,33062.82,8609.9
1611896400000,33062.81,33193.57,32755.56,32980.32,5689.5
1611900000000,32980.31,32982.33,32330.55,32483.74,7328.1
1611903600000,32483.74,32626.98,31915.4,32266.35,6736.6
1611907200000,32266.36,36600.0,32006.91,36240.24,19312.8
1611910800000,36223.22,37990.0,34591.83,36877.16,32057.8
1611914400000,36875.5,37200.0,35489.41,36617.23,13351.7
1611918000000,36617.23,37208.94,36421.93,37025.32,9995.0
1611921600000,37023.83,37869.0,36534.42,37840.07,9895.6
1611925200000,37842.07,38531.9,36979.32,38250.03,10190.5
1611928800000,38250.01,38448.39,36456.78,37058.49,12376.8
1611932400000,37058.49,37517.8,36700.0,37129.4,7119.9
1611936000000,37129.4,37569.0,35808.0,36039.18,10309.6
1611939600000,36038.73,36429.0,35564.0,35741.23,8064.3
1611943200000,35741.23,35999.99,34600.0,35202.46,11212.4
1611946800000,35204.22,35357.14,33500.0,34318.57,11414.9
1611950400000,34322.5,34953.87,33843.22,34574.61,7664.1
1611954000000,34574.61,34813.0,34120.0,34635.53,4701.6
1611957600000,34628.68,35354.94,34250.0,34485.98,4078.6
1611961200000,34485.98,34640.19,33700.0,34252.2,4970.4
1611964800000,34246.28,34861.56,34214.91,34250.1,4446.4
1611968400000,34250.1,34933.0,33927.0,34123.05,3869.4
1611972000000,34123.06,34443.96,33674.7,33862.51,3988.2
1611975600000,33861.55,34000.0,32825.0,33273.36,6807.7
1611979200000,33273.36,33656.08,33001.52,33503.13,4185.9
1611982800000,33503.14,33986.4,33174.55,33503.72,3638.5
1611986400000,33503.72,33850.0,33137.8,33809.79,3685.0
1611990000000,33809.79,34200.0,33400.0,34046.8,3867.9
1611993600000,34046.82,34358.97,33775.44,33887.5,4900.0
1611997200000,33883.85,34424.7,33809.39,34253.18,3386.8
1612000800000,34253.17,34392.0,33870.95,34299.82,3971.8
1612004400000,34299.82,34328.59,33510.0,33660.4,3646.9
1612008000000,33660.4,33832.78,33410.63,33751.77,3003.4
1612011600000,33751.77,34349.63,33666.67,34237.69,3019.4
1612015200000,34237.69,34400.0,34000.0,34234.73,2997.8
1612018800000,34234.73,34500.0,34057.22,34210.2,2959.9
1612022400000,34210.18,34262.35,33520.0,33956.7,5590.0
1612026000000,33956.7,34290.44,33943.0,34253.67,3332.8
1612029600000,34252.02,34351.0,34110.12,34340.0,2258.7
1612033200000,34340.0,34400.02,34028.87,34286.5,2047.9
1612036800000,34286.5,34449.69,34080.0,34154.63,2018.5
1612040400000,34157.5,34690.0,33966.4,34675.53,2088.0
1612044000000,34675.53,34800.0,34516.78,34526.13,2094.8
1612047600000,34525.88,34553.51,34164.78,34262.88,3083.9
1612051200000,34262.89,34342.69,33850.0,34066.84,2644.8
1612054800000,34066.84,34249.99,33940.0,34194.0,1867.1
1612058400000,34193.29,34238.0,33681.0,33750.0,2644.0
1612062000000,33748.69,34042.0,33655.0,33930.21,1980.0
1612065600000,33930.22,34127.65,33794.27,34034.31,1806.0
1612069200000,34034.3,34056.64,33678.46,33756.39,1919.9
1612072800000,33757.17,33857.88,33571.42,33655.86,1945.8
1612076400000,33655.85,33846.27,33450.0,33607.98,2065.0
1612080000000,33607.68,33832.94,33312.12,33596.72,2711.8
1612083600000,33596.72,33769.93,33270.0,33301.7,2440.0
1612087200000,33300.01,33744.88,33205.0,33653.68,2544.0
1612090800000,33652.23,33784.4,33469.38,33563.23,1965.2
1612094400000,33563.24,34220.0,33366.29,33974.05,4152.5
1612098000000,33974.05,34050.0,33607.95,33692.92,2291.0
1612101600000,33691.49,33735.54,33318.02,33330.71,2924.2
1612105200000,33330.72,33470.0,32554.0,32862.66,6617.9
1612108800000,32862.65,33073.55,32555.0,32891.86,3707.2
1612112400000,32891.86,33077.9,32200.0,32302.31,4790.6
1612116000000,32302.32,32849.71,32171.67,32450.3,3929.8
1612119600000,32449.53,32926.25,32400.27,32808.8,3397.0
1612123200000,32807.29,32931.55,32461.23,32853.73,2968.3
1612126800000,32853.73,32899.39,32515.0,32560.73,2336.6
1612130400000,32561.35,33088.88,32559.85,32974.1,1874.8
1612134000000,32974.1,33255.49,32933.54,33092.98,3218.7
1612137600000,33092.97,33106.33,32296.16,32546.27,4383.9
1612141200000,32546.32,33560.9,32476.34,33430.29,3713.6
1612144800000,33425.19,33830.0,33222.88,33649.73,3694.9
1612148400000,33646.37,33776.81,33470.0,33573.97,2882.1
1612152000000,33573.25,33943.55,33423.43,33558.25,3206.1
1612155600000,33560.91,33888.33,33429.36,33755.4,2593.0
1612159200000,33753.59,34427.0,33284.24,33518.89,6222.3
1612162800000,33518.88,33885.39,33390.12,33803.97,3328.9
1612166400000,33802.6,34500.0,33589.23,34477.31,5058.2
1612170000000,34475.57,34717.27,34268.62,34354.47,5654.1
1612173600000,34354.46,34539.94,34012.41,34163.28,4235.3
1612177200000,34163.28,34400.0,33935.47,34183.33,4573.9
1612180800000,34183.33,34460.0,33590.0,33770.23,5761.1
1612184400000,33770.23,34050.0,33655.0,33702.25,4848.9
1612188000000,33702.25,33866.49,33400.0,33532.81,4147.5
1612191600000,33535.51,33638.99,33160.0,33160.17,2721.2
1612195200000,33160.0,33603.91,33133.26,33460.83,2419.9
1612198800000,33460.83,34100.0,33380.0,33978.31,3038.7
1612202400000,33979.94,34032.93,33655.01,33731.52,1872.6
1612206000000,33739.52,34072.54,33700.3,33838.13,1802.3
1612209600000,33838.13,34039.0,33722.04,33831.55,1718.9
1612213200000,33831.54,33848.95,33549.0,33658.67,1451.0
1612216800000,33661.79,33789.73,33511.0,33539.39,1538.2
1612220400000,33542.12,33768.0,33430.76,33526.37,1851.6
1612224000000,33517.09,34161.39,33418.0,33763.07,3418.2
1612227600000,33763.06,33800.96,33509.0,33744.71,1866.8
1612231200000,33742.99,33876.73,33555.49,33646.0,2079.7
1612234800000,33646.0,33700.0,33501.25,33550.32,1739.3
1612238400000,33554.08,33963.29,33500.0,33876.37,2126.3
1612242000000,33876.36,34100.0,33770.0,33992.83,2064.0
1612245600000,33992.83,34321.61,33924.73,34295.01,3127.1
1612249200000,34295.01,34400.0,34136.02,34223.38,3112.0
1612252800000,34223.38,34683.63,34080.0,34663.87,4957.2
1612256400000,34663.87,35668.1,34663.87,35334.04,8817.0
1612260000000,35334.03,35434.7,34910.48,35160.24,3910.1
1612263600000,35160.24,35284.49,34601.0,34720.15,4384.3
1612267200000,34722.97,35000.0,34524.2,34779.91,2884.0
1612270800000,34779.9,35200.0,34731.7,34844.73,3086.3
1612274400000,34844.06,34932.5,34333.0,34793.99,3325.6
1612278000000,34795.72,35151.0,34548.26,34708.47,3413.6
1612281600000,34708.47,35175.31,34556.85,34964.52,4344.3
1612285200000,34964.52,35021.85,34738.0,34851.47,2262.6
1612288800000,34851.47,35308.23,34790.0,35264.21,2743.3
1612292400000,35264.66,35800.0,35090.91,35762.03,4111.4
1612296000000,35762.05,35984.33,35525.1,35786.51,4024.7
1612299600000,35788.3,35896.49,35558.9,35653.07,2723.9
1612303200000,35653.03,35812.49,35530.0,35572.36,1588.3
1612306800000,35576.49,35699.38,35466.0,35466.24,1946.6
1612310400000,35472.71,36240.0,35362.38,36135.01,4260.4
1612314000000,36139.74,36349.64,35843.21,35879.27,3464.4
1612317600000,35879.26,36125.93,35816.74,35889.37,2828.5
1612321200000,35889.37,36500.0,35878.11,36403.47,3006.0
1612324800000,36403.47,36845.0,36403.47,36628.85,4488.1
1612328400000,36628.86,36690.14,36377.1,36460.12,2188.8
1612332000000,36462.63,36789.0,36435.96,36535.9,2417.8
1612335600000,36533.94,36590.08,36231.66,36297.57,2827.3
1612339200000,36297.58,36299.98,35640.93,36010.09,4414.9
1612342800000,36011.01,36036.0,35511.0,35851.19,3634.8
1612346400000,35851.19,36040.0,35657.69,35985.27,2271.0
1612350000000,35985.27,36238.38,35855.31,35969.41,2702.5
1612353600000,35969.41,36322.96,35810.9,36178.86,2932.3
1612357200000,36179.62,36720.56,35944.51,36537.42,4542.4
1612360800000,36537.42,36760.53,36369.56,36548.6,3658.7
1612364400000,36548.59,36917.27,36540.79,36850.0,4080.2
1612368000000,36850.0,37221.42,36643.07,37146.67,5690.3
1612371600000,37146.67,37179.69,36929.0,37176.86,3489.5
1612375200000,37176.87,37200.0,36688.0,37114.14,3606.8
1612378800000,37116.47,37136.0,36788.88,36788.89,2430.8
1612382400000,36788.89,37075.7,36644.44,37039.88,2730.0
1612386000000,37039.88,37420.51,36965.52,37256.97,3713.7
1612389600000,37256.97,37509.74,37232.72,37276.31,2590.4
1612393200000,37276.3,37662.63,37267.02,37618.87,2814.7
1612396800000,37620.26,38128.0,37615.93,38063.15,4961.2
1612400400000,38065.0,38288.0,37861.83,38147.35,4294.9
1612404000000,38147.36,38215.4,37505.51,37896.36,3775.6
1612407600000,37896.36,38015.5,37363.17,37498.78,3017.1
1612411200000,37498.78,37788.76,37326.83,37678.39,2283.2
1612414800000,37678.4,37924.35,37479.03,37578.23,2687.6
1612418400000,37577.31,38195.0,37530.95,38076.43,3405.7
1612422000000,38076.43,38175.69,37800.0,37843.4,3290.3
1612425600000,37843.4,38708.27,37015.0,37338.19,9588.0
1612429200000,37339.11,37604.07,36662.45,37509.22,7567.3
1612432800000,37509.22,37772.43,37206.2,37611.63,3331.2
1612436400000,37612.9,37922.78,37306.12,37321.75,3250.6
1612440000000,37319.43,37763.57,37021.8,37618.69,3402.2
1612443600000,37618.68,37690.0,37268.03,37587.58,2729.7
1612447200000,37587.58,37705.0,36626.86,36795.15,4883.8
1612450800000,36795.15,36965.34,36161.95,36564.23,5975.3
1612454400000,36564.23,36989.99,36399.79,36929.36,3826.2
1612458000000,36929.53,37070.0,36780.0,36884.34,3095.3
1612461600000,36884.34,37422.37,36761.89,37141.96,2972.5
1612465200000,37143.44,37499.99,36980.0,37467.18,2969.3
1612468800000,37467.18,37783.83,37366.0,37613.31,3154.2
1612472400000,37613.32,37729.82,37302.0,37643.0,2384.7
1612476000000,37643.0,37698.73,36964.03,37240.0,2533.5
1612479600000,37240.0,37382.34,36841.77,36936.66,2701.3
1612483200000,36936.65,37227.22,36795.72,36993.25,2539.0
1612486800000,36993.25,37300.0,36570.0,36632.38,2618.3
1612490400000,36632.38,36990.0,36570.0,36958.28,2861.4
1612494000000,36958.33,37400.0,36909.71,37366.02,2614.2
1612497600000,37366.01,37499.0,37187.81,37266.78,1902.9
1612501200000,37266.79,37350.33,36995.27,37065.97,1730.4
1612504800000,37065.98,37658.0,37021.8,37375.52,2965.6
1612508400000,37374.39,37727.22,37374.38,37653.98,2722.5
1612512000000,37659.64,37800.0,37392.71,37705.27,3404.6
1612515600000,37705.27,37769.85,37211.85,37251.07,2526.1
1612519200000,37251.07,37655.44,37200.0,37395.91,2315.3
1612522800000,37395.92,37733.75,37395.78,37691.32,2165.1
1612526400000,37691.32,38151.69,37527.14,37850.36,4198.0
1612530000000,37850.36,38298.0,37767.09,38272.32,3967.8
1612533600000,38272.33,38310.12,37960.73,38095.02,4108.1
1612537200000,38095.14,38288.19,37871.42,37960.76,3833.9
1612540800000,37960.76,38163.34,37655.17,37809.55,4270.4
1612544400000,37813.19,37950.0,37733.0,37894.61,2229.6
1612548000000,37894.61,37922.44,37312.25,37406.23,2936.2
1612551600000,37405.63,37676.13,37230.0,37608.92,3067.4
1612555200000,37608.91,37790.0,37485.94,37740.39,2177.9
1612558800000,37740.4,37920.0,37656.29,37819.67,1692.3
1612562400000,37819.67,37971.61,37652.79,37784.12,1587.7
1612566000000,37782.98,38309.0,37743.81,38290.24,2246.7
1612569600000,38289.32,38879.0,38215.94,38740.92,5397.5
1612573200000,38740.92,39482.18,38275.86,38806.45,10003.9
1612576800000,38806.45,39535.36,38612.0,39382.1,5911.9
1612580400000,39383.26,39666.0,39200.0,39384.74,4116.8
1612584000000,39386.92,39386.93,38933.0,39179.56,2678.8
1612587600000,39179.56,39238.0,38600.0,39014.73,2895.9
1612591200000,39015.08,39458.37,38989.9,39267.47,2778.7
1612594800000,39267.47,39488.62,39156.16,39359.12,2344.5
1612598400000,39362.27,39699.69,39297.75,39425.02,3300.5
1612602000000,39427.0,39900.0,39400.0,39887.91,3983.4
1612605600000,39887.91,40000.0,39516.17,39998.63,4327.8
1612609200000,39998.63,40479.86,39992.64,40199.99,6837.1
1612612800000,40199.52,40445.55,39836.72,39902.49,4298.3
1612616400000,39902.5,40255.08,39900.0,40130.47,2914.8
1612620000000,40127.07,40574.85,40125.3,40268.44,3508.7
1612623600000,40268.44,40866.66,40134.8,40864.73,4850.4
1612627200000,40865.12,40955.51,40478.19,40608.76,4533.5
1612630800000,40608.77,40662.01,40163.67,40197.01,3400.9
1612634400000,40197.01,40444.44,40052.39,40276.41,3152.9
1612638000000,40276.41,40420.0,39940.44,40179.42,3188.9
1612641600000,40179.42,40179.42,39572.74,40087.4,4169.9
1612645200000,40087.4,40250.0,40026.98,40028.19,2506.7
1612648800000,40028.91,40469.19,39869.0,39992.77,2057.0
1612652400000,39992.77,40083.86,39035.33,39186.94,5598.4
1612656000000,39181.01,39611.04,38701.0,39564.17,4552.2
1612659600000,39564.16,39588.9,38500.0,38627.36,4822.7
1612663200000,38627.36,38820.0,38344.0,38747.31,4332.4
1612666800000,38747.31,38926.58,38554.63,38841.46,2453.3
1612670400000,38839.52,38839.52,37923.0,38312.99,4918.0
1612674000000,38312.99,38692.04,38175.02,38511.0,2441.4
1612677600000,38511.01,38700.0,38282.44,38531.35,2092.4
1612681200000,38531.35,39094.36,38410.63,39030.0,3441.6
1612684800000,39030.0,39529.0,39021.22,39496.96,3816.6
1612688400000,39496.96,39700.0,39304.18,39513.92,2546.3
1612692000000,39513.92,39658.04,39124.39,39331.42,3239.7
1612695600000,39331.43,39358.0,38762.16,39046.6,3207.0
1612699200000,39044.37,39272.69,38530.25,38820.87,3546.3
1612702800000,38820.87,39119.47,38381.62,38629.26,3723.0
1612706400000,38629.26,38700.0,38162.87,38214.98,3837.0
1612710000000,38215.01,38395.26,37580.0,37921.11,6376.2
1612713600000,37921.12,38244.5,37351.0,38185.72,6459.8
1612717200000,38179.78,38208.6,37685.96,37870.62,2902.7
1612720800000,37870.63,38342.88,37846.66,38239.1,2631.4
1612724400000,38239.37,38444.0,37976.0,38050.0,2671.2
1612728000000,38050.0,38492.82,37660.97,38471.95,2745.7
1612731600000,38471.96,38635.42,38355.45,38530.33,2282.3
1612735200000,38530.37,38832.99,38285.1,38797.02,2286.3
1612738800000,38797.02,39080.0,38715.66,38795.69,3038.4
1612742400000,38795.69,39130.0,38650.76,38725.4,3030.9
1612746000000,38725.4,38909.95,38430.48,38521.72,2492.2
1612749600000,38521.72,38650.0,38149.0,38249.0,2220.5
1612753200000,38249.0,38497.5,37988.89,38076.06,2798.7
1612756800000,38073.02,38684.21,37992.39,38584.7,2611.8
1612760400000,38584.92,38872.0,38440.68,38677.47,2411.1
1612764000000,38677.84,39233.39,38620.0,39012.69,2829.5
1612767600000,39012.69,39391.78,38874.63,39269.95,2414.8
1612771200000,39269.78,39349.56,39040.17,39175.38,2258.3
1612774800000,39175.38,39364.77,38888.0,38954.27,2762.9
1612778400000,38954.28,39450.1,38844.75,39418.71,3105.5
1612782000000,39418.71,39498.99,39301.01,39423.08,2769.8
1612785600000,39423.08,43231.1,39094.01,42984.07,13971.3
1612789200000,42984.07,44918.0,41906.7,42897.12,21921.2
1612792800000,42907.14,44057.94,42767.63,43558.73,11977.1
1612796400000,43560.93,44164.74,43345.27,43716.32,9038.4
1612800000000,43703.23,44280.0,43051.0,43170.24,8148.3
1612803600000,43184.74,43418.39,42521.62,43079.07,5094.6
1612807200000,43079.08,43397.02,42554.71,42673.49,3721.2
1612810800000,42673.49,43140.29,42644.49,43051.95,2979.6
1612814400000,43049.98,44350.0,42905.29,44151.07,6270.1
1612818000000,44151.08,44799.58,43898.01,44632.41,6150.1
1612821600000,44632.41,45034.48,44255.31,44682.76,5824.2
1612825200000,44682.76,46794.45,44595.97,46374.87,11795.5
1612828800000,46374.86,47498.0,46233.95,46768.22,10775.2
1612832400000,46768.22,46770.61,45816.98,46158.97,7858.7
1612836000000,46158.97,46348.96,45567.0,45707.38,4175.6
1612839600000,45707.39,46750.0,45500.0,46599.51,4064.7
1612843200000,46599.51,46888.0,46198.76,46837.57,3699.7
1612846800000,46837.57,47219.13,46455.7,46850.12,4005.6
1612850400000,46852.68,48140.9,46563.31,48111.18,6952.4
1612854000000,48111.46,48142.19,47370.75,47505.4,5503.6
1612857600000,47505.39,47928.23,46624.84,47109.51,6591.0
1612861200000,47106.59,47160.0,46000.0,46401.3,4989.1
1612864800000,46401.3,46588.0,45560.97,45641.77,4844.9
1612868400000,45641.77,46683.18,45601.01,46380.92,3819.4
1612872000000,46390.95,46806.41,45128.7,45300.17,5558.6
1612875600000,45300.17,46425.0,44961.09,46285.14,6234.5
1612879200000,46282.88,46700.0,46051.42,46624.44,3978.7
1612882800000,46624.33,47083.84,46300.0,46773.63,5240.7
1612886400000,46773.63,47110.72,46011.0,46470.85,4941.4
1612890000000,46470.85,46940.91,46180.0,46483.67,3342.6
1612893600000,46484.23,47433.78,46254.02,47012.77,4549.5
1612897200000,47012.77,47289.28,46743.15,47060.18,2849.5
1612900800000,47060.38,47499.43,46668.48,47084.17,3254.7
1612904400000,47084.16,47461.06,46995.92,47231.03,2564.5
1612908000000,47241.92,47241.92,46440.52,46839.01,2914.6
1612911600000,46839.99,46860.0,46201.37,46420.42,2790.4
1612915200000,46420.42,46900.0,46052.52,46517.64,3108.2
1612918800000,46517.64,46533.52,45979.58,46259.97,3406.3
1612922400000,46259.97,46800.0,46250.0,46276.51,3428.4
1612926000000,46276.52,46743.87,46140.73,46221.07,3072.2
1612929600000,46225.71,46319.03,45589.98,46020.4,4212.2
1612933200000,46020.4,46424.93,45826.85,46131.99,2960.2
1612936800000,46132.0,46650.0,46106.04,46510.25,2853.3
1612940400000,46510.26,46944.07,46400.17,46563.69,3525.2
1612944000000,46565.11,46844.59,46262.22,46668.89,3612.2
1612947600000,46668.89,46900.0,46451.12,46550.0,3035.3
1612951200000,46549.99,47310.0,46401.0,46630.17,4890.2
1612954800000,46630.17,46691.94,46277.31,46586.56,2517.2
1612958400000,46586.55,46593.34,44500.0,45652.34,9491.1
1612962000000,45655.13,45969.28,45314.32,45626.32,5201.6
1612965600000,45626.32,45988.2,44800.0,44954.12,5933.2
1612969200000,44954.13,45227.27,43727.0,44353.04,9617.5
1612972800000,44354.5,44900.0,43800.0,44746.66,5766.0
1612976400000,44746.65,45071.45,44446.12,44963.31,3576.6
1612980000000,44963.32,45200.0,44731.74,45088.17,3336.0
1612983600000,45088.16,45239.98,44450.1,45190.05,3638.9
1612987200000,45190.05,45240.7,44400.0,44555.59,2929.9
1612990800000,44555.59,45028.15,44355.0,44999.09,2811.1
1612994400000,44999.09,45216.49,44880.0,45199.99,1698.3
1612998000000,45200.0,45322.09,44769.88,44807.58,2532.9
1613001600000,44807.58,45051.27,43994.02,44250.0,4145.4
1613005200000,44250.0,44554.91,44010.88,44180.86,2791.7
1613008800000,44180.08,44698.15,44172.57,44582.07,825.6
1613012400000,44582.07,44582.07,44582.07,44582.07,0.0
1613019600000,44583.71,44999.0,44507.0,44641.72,2359.4
1613023200000,44641.71,44918.19,44397.62,44559.99,2121.3
1613026800000,44559.98,45129.59,44559.98,44700.01,2885.7
1613030400000,44700.0,45095.49,44500.0,45017.02,2819.2
1613034000000,45017.01,45609.16,44789.11,45500.98,3446.6
1613037600000,45500.98,46377.44,45351.0,46279.8,4555.9
1613041200000,46279.81,46546.47,45864.4,46061.49,4197.2
1613044800000,46061.48,46625.83,46060.03,46516.39,3578.1
1613048400000,46516.39,48399.0,46516.39,47555.46,13364.2
1613052000000,47555.46,48100.0,47233.0,47864.81,5336.0
1613055600000,47864.81,48185.26,47576.58,47960.85,4946.1
1613059200000,47960.86,48298.0,47337.18,47590.53,4852.4
1613062800000,47590.52,47666.97,46900.0,47366.42,3618.2
1613066400000,47366.43,48010.54,47311.01,47653.14,3425.2
1613070000000,47653.15,48050.0,47526.28,47754.03,3150.4
1613073600000,47754.02,48678.9,47000.0,47027.49,6204.9
1613077200000,47027.49,47360.0,46542.29,46884.84,5079.5
1613080800000,46885.07,47727.37,46864.32,47712.94,2820.0
1613084400000,47716.44,48125.58,47588.65,47969.51,3038.0
1613088000000,47968.66,48985.8,47770.58,47990.0,6786.7
1613091600000,47990.01,48550.0,47721.0,48477.5,2957.1
1613095200000,48477.51,48477.51,47729.68,47935.66,3206.0
1613098800000,47935.66,47988.49,47338.35,47587.31,2471.2
1613102400000,47587.31,47587.31,46888.0,47271.55,4724.6
1613106000000,47271.54,47506.44,47086.3,47257.09,3398.0
1613109600000,47257.09,47551.02,46789.0,47380.16,3483.7
1613113200000,47380.15,47475.0,46903.48,47318.81,2921.0
1613116800000,47318.02,47700.0,47080.0,47117.86,3406.8
1613120400000,47117.86,47400.0,47027.03,47337.0,2666.7
1613124000000,47337.01,47711.0,47300.0,47381.16,2710.5
1613127600000,47371.8,47999.0,47280.26,47562.42,2966.8
1613131200000,47560.06,47957.87,47323.61,47669.82,2999.8
1613134800000,47669.82,48140.0,47646.0,47871.4,3795.1
1613138400000,47871.4,47878.74,46125.0,46547.5,8110.0
1613142000000,46542.6,47163.83,46525.25,47021.05,4791.7
1613145600000,47021.05,47980.0,47008.4,47614.4,4632.4
1613149200000,47612.52,47905.0,47459.78,47713.82,3375.0
1613152800000,47713.83,47800.0,46915.32,47269.25,3866.3
1613156400000,47268.27,47453.99,47086.32,47272.95,2345.0
1613160000000,47272.96,47653.24,47140.26,47577.49,2591.1
1613163600000,47577.49,48150.0,47560.01,47860.54,3556.8
1613167200000,47860.75,47930.0,47602.71,47841.17,1481.6
1613170800000,47841.16,47870.0,47155.0,47287.6,2626.1
1613174400000,47298.15,47587.29,47200.0,47459.54,2750.0
1613178000000,47459.53,47799.61,47412.4,47626.98,2410.0
1613181600000,47629.76,47944.84,47503.57,47839.77,2037.0
1613185200000,47839.77,48150.0,47693.44,47829.22,2448.1
1613188800000,47829.21,47924.86,47598.89,47904.7,1983.6
1613192400000,47904.69,47934.14,47397.71,47888.0,2604.3
1613196000000,47887.99,47922.22,47483.88,47728.26,2058.8
1613199600000,47728.25,47794.36,46990.0,46995.72,3084.2
1613203200000,46995.01,47499.93,46618.0,47429.93,3749.6
1613206800000,47429.92,47569.03,47061.0,47205.53,2095.8
1613210400000,47205.52,47266.05,46660.44,46709.17,4954.6
1613214000000,46700.77,46990.0,46251.0,46589.2,5399.9
1613217600000,46586.23,47209.25,46202.53,46879.81,3800.3
1613221200000,46879.81,47150.22,46557.56,46971.43,3446.3
1613224800000,46971.43,47044.04,46596.37,46946.9,2508.6
1613228400000,46946.67,47300.0,46883.03,47076.01,2933.4
1613232000000,47076.02,47400.14,46864.48,47136.89,2729.1
1613235600000,47136.9,47190.0,46735.83,46855.24,2308.5
1613239200000,46855.23,47022.26,46738.24,46792.05,1858.5
1613242800000,46790.39,47086.92,46708.94,46870.15,1771.3
1613246400000,46871.95,46967.07,46653.58,46934.06,1644.4
1613250000000,46934.07,47397.36,46700.38,47130.82,2224.3
1613253600000,47132.94,47280.26,46863.63,47058.88,1292.7
1613257200000,47058.88,47300.0,47001.01,47153.69,1674.8
1613260800000,47156.78,47695.18,47014.17,47594.52,3370.2
1613264400000,47594.52,47730.0,47244.88,47471.23,2800.5
1613268000000,47475.25,47630.0,47291.13,47378.87,2141.0
1613271600000,47378.87,47498.74,47204.98,47267.21,1925.0
1613275200000,47267.2,47650.62,47220.42,47551.25,2140.7
1613278800000,47551.25,48948.0,47497.39,48929.18,6249.8
1613282400000,48929.18,49404.94,48505.69,48745.29,7730.2
1613286000000,48745.28,49082.33,48520.0,48725.18,2672.9
1613289600000,48725.18,49018.37,48389.55,48710.17,2764.1
1613293200000,48710.17,49190.0,48610.86,49134.33,2619.2
1613296800000,49133.33,49349.76,48956.26,49024.21,3537.8
1613300400000,49024.22,49139.38,48750.59,49055.16,2377.3
1613304000000,49055.17,49707.43,48999.57,49436.86,5146.8
1613307600000,49434.05,49578.67,48550.0,48759.63,4143.3
1613311200000,48759.62,49069.37,48449.76,48757.38,3279.6
1613314800000,48757.39,48943.47,48101.38,48541.18,3668.2
1613318400000,48537.96,49075.43,48424.66,49006.74,3211.7
1613322000000,49005.01,49100.0,48587.0,48619.19,2166.3
1613325600000,48619.2,48819.29,48400.31,48739.99,2031.3
1613329200000,48739.99,48919.86,48479.8,48693.39,1647.9
1613332800000,48693.38,49000.0,48600.0,48929.5,1775.4
1613336400000,48929.5,49058.74,48755.47,48822.66,1772.4
1613340000000,48822.67,49300.0,48706.53,49012.94,1875.5
1613343600000,49012.94,49094.71,48505.79,48577.79,2688.3
1613347200000,48580.47,49010.92,48428.0,48763.62,2016.4
1613350800000,48763.79,48816.62,47700.0,48011.44,4889.3
1613354400000,48011.45,48213.83,45570.79,46874.02,11217.9
1613358000000,46874.01,47269.09,46540.67,47120.3,4188.5
1613361600000,47120.31,47136.02,46174.78,46866.57,4963.7
1613365200000,46866.56,47000.0,46400.0,46722.49,2939.4
1613368800000,46722.48,47140.0,46683.02,46887.36,2622.5
1613372400000,46887.36,47441.02,46831.61,47267.06,2861.6
1613376000000,47270.5,47772.0,47112.38,47599.99,2822.0
1613379600000,47600.0,47724.64,47201.27,47505.66,3001.8
1613383200000,47505.67,47888.0,47306.02,47849.99,2326.6
1613386800000,47849.99,47999.0,47606.86,47802.66,2660.7
1613390400000,47802.67,48070.0,47423.99,47951.01,3213.3
1613394000000,47951.01,48219.23,47800.0,47960.73,3089.9
1613397600000,47963.69,48150.62,47472.92,47564.16,3063.8
1613401200000,47563.58,48000.0,47536.15,47938.83,2186.5
1613404800000,47938.84,48570.75,47938.83,48494.96,3853.3
1613408400000,48494.97,48800.0,48399.23,48562.31,2723.9
1613412000000,48562.31,48698.52,48342.22,48358.99,2040.9
1613415600000,48361.0,48742.52,48354.78,48657.31,1945.4
1613419200000,48657.31,48801.0,48453.87,48580.99,3063.2
1613422800000,48581.0,48750.0,48111.11,48207.54,2767.1
1613426400000,48201.18,48334.23,47643.0,48284.89,2835.3
1613430000000,48284.9,48432.73,47809.99,47911.1,2105.3
1613433600000,47911.1,47958.4,47003.62,47669.02,4446.9
1613437200000,47669.03,48319.33,47605.96,48305.28,2586.1
1613440800000,48305.28,48689.25,48160.12,48442.06,2292.3
1613444400000,48442.05,49670.0,48405.11,49624.03,5795.6
1613448000000,49624.02,49998.0,49068.41,49350.01,5457.7
1613451600000,49350.01,49500.0,48969.0,49179.03,2937.1
1613455200000,49179.04,49234.7,48550.0,49023.74,3291.8
1613458800000,49020.91,49281.81,48609.9,49163.46,2651.3
1613462400000,49161.75,49300.0,48871.2,49293.26,2651.8
1613466000000,49289.75,49318.47,48900.0,49283.3,2177.8
1613469600000,49283.3,49318.47,48750.09,49020.0,2241.0
1613473200000,49020.0,49114.68,48700.0,48915.48,2049.0
1613476800000,48915.49,50689.18,48403.21,49650.01,14737.1
1613480400000,49650.0,49826.12,48862.99,48950.89,5108.6
1613484000000,48950.89,49457.0,48700.0,49289.4,4348.9
1613487600000,49286.8,49509.84,48935.7,48956.91,3296.5
1613491200000,48956.91,49291.0,48073.0,48167.68,4644.0
1613494800000,48165.07,48618.6,48128.81,48230.5,3626.4
1613498400000,48230.63,48692.1,47750.0,48616.79,4046.9
1613502000000,48616.79,48800.42,48340.14,48537.39,1898.8
1613505600000,48536.35,48784.29,48173.81,48769.27,2584.4
1613509200000,48769.28,48809.09,48355.8,48575.07,2220.5
1613512800000,48575.06,49180.0,48524.65,49108.68,1763.4
1613516400000,49113.91,49290.0,48933.33,49133.45,1959.5
1613520000000,49133.45,49566.66,49034.35,49079.99,2890.4
1613523600000,49079.99,49417.25,48947.0,49282.8,1693.4
1613527200000,49283.14,50274.88,49268.42,49654.89,4959.6
1613530800000,49657.54,49759.46,49231.09,49657.38,2563.1
1613534400000,49657.84,49963.4,49106.75,49345.38,3012.4
1613538000000,49345.39,49731.03,49227.68,49706.8,2239.3
1613541600000,49706.8,50677.58,49624.06,50556.05,6398.0
1613545200000,50556.15,51266.09,50200.0,51112.39,6735.6
1613548800000,51116.77,51300.0,50628.58,51031.71,4279.6
1613552400000,51031.71,51678.36,50991.69,51431.04,5578.7
1613556000000,51436.11,51612.8,50995.0,51192.0,3569.4
1613559600000,51192.0,51675.55,51101.07,51273.46,3178.2
1613563200000,51270.86,51530.0,50777.2,51039.56,4448.6
1613566800000,51039.56,51234.0,50542.3,51149.96,4231.9
1613570400000,51149.97,51284.78,50770.82,51262.0,4229.9
1613574000000,51262.01,51633.17,50968.87,51169.97,3226.7
1613577600000,51169.97,51435.09,50780.0,51241.35,3213.6
1613581200000,51241.35,51436.0,51085.95,51376.85,2383.4
1613584800000,51380.78,51780.0,51304.96,51430.59,2455.3
1613588400000,51430.59,52395.0,51374.56,52142.35,4887.8
1613592000000,52142.36,52546.0,51956.82,52240.0,3161.0
1613595600000,52239.99,52618.74,52021.37,52349.99,2544.4
1613599200000,52349.99,52381.2,51893.34,52104.43,1961.3
1613602800000,52104.44,52397.84,51899.64,52119.71,1902.2
1613606400000,52117.67,52530.0,52104.69,52267.32,2415.7
1613610000000,52263.85,52383.42,52026.06,52132.46,3038.6
1613613600000,52132.47,52340.01,51933.24,52318.89,2290.2
1613617200000,52318.89,52399.73,51951.0,52032.64,1876.4
1613620800000,52032.64,52180.0,51712.5,52153.36,2402.3
1613624400000,52153.36,52298.0,52015.68,52170.01,1777.8
1613628000000,52170.02,52237.45,51862.78,51905.66,1952.3
1613631600000,51905.65,52085.85,51295.0,51901.96,4482.2
1613635200000,51901.95,52168.75,51542.32,51706.88,2314.5
1613638800000,51706.87,51873.41,51459.82,51770.99,2754.2
1613642400000,51772.82,52000.0,51529.2,51643.5,2180.6
1613646000000,51643.49,51720.32,51133.0,51374.07,3330.0
1613649600000,51375.12,51623.37,50901.9,51464.66,3689.6
1613653200000,51464.67,52025.0,51262.43,51796.24,3004.8
1613656800000,51796.24,52285.0,51613.23,52233.43,2981.0
1613660400000,52233.43,52260.0,51450.0,51585.29,3418.7
1613664000000,51585.29,52099.0,51450.0,52091.02,2524.3
1613667600000,52091.03,52100.0,51777.0,51839.55,2163.6
1613671200000,51839.56,52177.75,51764.16,51862.85,2028.8
1613674800000,51860.4,52070.68,51685.0,51760.01,1593.4
1613678400000,51760.01,52115.92,51514.26,52111.89,2609.2
1613682000000,52111.89,52195.12,51892.2,52007.21,2176.6
1613685600000,52005.08,52075.07,51615.01,51837.19,1724.9
1613689200000,51837.18,51920.51,51510.0,51552.6,2028.2
1613692800000,51552.61,51943.99,51452.0,51511.33,2714.0
1613696400000,51512.62,51700.99,51165.88,51325.44,2620.9
1613700000000,51325.44,51339.05,50710.2,51248.52,3846.5
1613703600000,51248.53,51500.15,51200.0,51245.0,1787.9
1613707200000,51247.86,51530.56,50918.0,51166.3,1969.4
1613710800000,51166.29,51567.26,51166.29,51524.05,2079.8
1613714400000,51524.06,51822.96,51517.16,51734.88,2693.9
1613718000000,51734.87,51894.77,51654.57,51727.08,2224.8
1613721600000,51727.09,52293.77,51649.82,52236.31,2775.4
1613725200000,52236.31,52965.31,52218.62,52690.7,5901.2
1613728800000,52690.75,52984.99,52625.0,52687.6,2635.2
1613732400000,52685.98,52863.19,52485.95,52710.0,2380.1
1613736000000,52709.99,52729.75,52400.09,52534.75,2360.7
1613739600000,52534.76,52850.0,52315.37,52800.04,2831.2
1613743200000,52800.03,53280.0,52653.93,52890.0,3789.7
1613746800000,52877.1,53886.07,52810.11,53863.19,5187.7
1613750400000,53863.82,54850.0,53605.58,54368.65,6521.1
1613754000000,54368.61,54766.34,54054.0,54765.49,2446.4
1613757600000,54765.5,55435.96,54525.11,55384.46,2849.8
1613761200000,55384.46,55843.78,54583.95,54990.01,5529.1
1613764800000,54994.85,55698.16,54800.0,55348.33,3733.0
1613768400000,55345.17,56368.0,55304.52,55651.16,5012.0
1613772000000,55651.16,55767.29,55130.0,55426.4,3227.0
1613775600000,55426.4,55950.0,55330.0,55906.0,2543.0
1613779200000,55906.0,56500.0,55322.0,56226.73,5639.9
1613782800000,56223.44,56609.14,55946.27,56179.17,3867.2
1613786400000,56179.16,56395.0,55959.41,56143.46,2927.8
1613790000000,56143.46,56250.0,55481.38,55706.07,2837.4
1613793600000,55711.9,56144.87,55511.0,55815.19,1943.9
1613797200000,55815.19,55952.18,55555.55,55675.43,1877.0
1613800800000,55675.44,55952.88,55580.0,55937.12,1688.2
1613804400000,55937.02,55967.14,55185.98,55207.92,3179.8
1613808000000,55207.93,55674.68,55185.16,55236.53,2266.7
1613811600000,55236.54,55525.0,55030.0,55252.4,2534.6
1613815200000,55252.4,55929.23,55210.53,55895.31,2330.7
1613818800000,55895.31,56388.37,55752.77,56355.91,2787.3
1613822400000,56355.94,57700.46,56268.01,57291.92,6646.4
1613826000000,57291.93,57550.0,56923.04,57274.34,3515.2
1613829600000,57274.35,57426.57,56080.0,56280.83,4268.8
1613833200000,56280.83,56759.99,55722.11,56145.97,5099.6
1613836800000,56136.55,56943.6,56136.55,56720.16,3717.4
1613840400000,56720.17,57425.0,56713.79,57048.35,4217.7
1613844000000,57048.35,57152.33,56800.01,57115.24,1840.0
1613847600000,57118.09,57234.48,56709.23,56975.12,1864.1
1613851200000,56975.12,57050.0,56562.51,56719.52,2039.9
1613854800000,56719.52,56878.28,56250.66,56472.13,2361.8
1613858400000,56472.13,56495.33,53863.93,55423.99,7721.8
1613862000000,55424.0,56191.43,55378.02,55841.19,3774.9
1613865600000,55841.19,56061.64,55477.59,55834.95,2949.8
1613869200000,55834.95,56351.08,55717.87,56347.69,2125.3
1613872800000,56347.7,56660.94,56253.77,56318.08,2201.0
1613876400000,56318.08,56900.0,56311.4,56505.22,2027.2
1613880000000,56505.22,56725.12,56040.31,56701.08,2060.6
1613883600000,56701.08,56959.71,56511.54,56545.13,2041.8
1613887200000,56545.12,56609.46,56250.0,56493.23,1604.4
1613890800000,56493.22,56594.23,55863.54,56091.76,2600.8
1613894400000,56092.02,56676.7,55821.03,56513.22,2357.3
1613898000000,56513.21,56845.9,56364.65,56795.81,1801.3
1613901600000,56795.81,57827.0,56657.96,57560.0,4162.5
1613905200000,57560.0,57570.94,57200.0,57284.79,2690.8
1613908800000,57284.78,57440.82,56589.0,56888.8,2904.9
1613912400000,56888.81,57220.0,56888.79,57154.19,1979.2
1613916000000,57154.19,57449.0,56783.33,57381.13,2751.8
1613919600000,57381.12,57555.0,57165.4,57313.99,2657.7
1613923200000,57313.99,57782.0,57006.16,57733.96,2772.8
1613926800000,57733.95,57749.82,57356.53,57499.01,1895.3
1613930400000,57499.02,58300.0,57333.79,58183.69,2708.7
1613934000000,58183.69,58352.8,57916.66,58072.62,2656.0
1613937600000,58072.62,58247.84,57458.15,57654.8,2454.9
1613941200000,57657.1,57900.0,57180.0,57293.53,2438.1
1613944800000,57293.52,57616.34,56935.03,57328.47,2198.4
1613948400000,57328.46,57590.05,57100.0,57408.57,2125.9
1613952000000,57412.35,57508.47,56230.84,56235.15,4513.7
1613955600000,56235.15,57000.0,56013.13,56860.04,3425.0
1613959200000,56860.04,57277.99,55351.15,56855.12,4511.0
1613962800000,56855.13,57078.5,55757.58,55860.12,2876.1
1613966400000,55858.99,56258.49,55102.77,55786.36,4117.1
1613970000000,55785.61,56372.01,55625.11,55869.15,2634.2
1613973600000,55869.16,56377.0,55684.74,55989.36,2101.7
1613977200000,55989.35,56550.0,55652.45,56422.92,2595.9
1613980800000,56422.23,56623.69,55408.92,55480.8,4285.4
1613984400000,55480.8,55800.0,54355.0,54766.39,5226.5
1613988000000,54747.23,55101.69,53505.7,54847.72,8059.5
1613991600000,54847.72,55251.79,54403.11,54524.94,4098.3
1613995200000,54515.0,54695.66,52628.9,53781.12,10930.7
1613998800000,53784.14,54062.77,52050.0,52070.47,8203.2
1614002400000,52066.99,53654.37,47622.0,53478.83,24477.8
1614006000000,53472.69,53993.0,52483.39,53236.69,11025.0
1614009600000,53236.69,53847.56,52730.0,53180.05,5464.1
1614013200000,53177.82,53302.59,51955.65,52100.0,4675.2
1614016800000,52100.0,53490.0,51570.0,53227.23,5492.3
1614020400000,53227.23,53746.29,52942.33,53581.69,2709.4
1614024000000,53587.41,54364.0,53452.51,53771.34,3461.1
1614027600000,53779.38,54900.0,53667.72,54883.16,2928.5
1614031200000,54883.16,54989.46,53782.09,54084.97,2862.2
1614034800000,54084.97,54373.32,53279.02,54087.67,3345.6
1614038400000,54087.67,54183.59,53018.54,53440.66,2943.4
1614042000000,53431.44,53925.86,52281.88,52546.18,3132.6
1614045600000,52546.59,52887.66,50901.0,51218.63,5963.5
1614049200000,51218.75,52496.9,51153.33,51906.36,5643.0
1614052800000,51900.73,52311.71,49600.0,50754.5,6698.1
1614056400000,50754.5,50755.48,48615.0,49950.0,10951.9
1614060000000,49952.49,51241.99,49380.14,49547.02,6064.5
1614063600000,49544.58,50547.3,49288.94,49640.33,4936.9
1614067200000,49642.92,50027.01,46560.0,46565.18,15751.2
1614070800000,46562.33,48695.75,45000.0,48075.45,17379.4
1614074400000,48072.01,48979.17,46568.0,47546.01,8447.6
1614078000000,47531.15,48275.74,44892.56,46369.29,12372.3
1614081600000,46359.14,49455.53,45788.1,48670.21,13249.0
1614085200000,48670.54,49600.0,48032.17,48750.0,7741.6
1614088800000,48754.47,49141.89,45838.84,46978.18,7605.5
1614092400000,46977.89,49350.0,46635.0,48602.03,7893.6
1614096000000,48602.02,49247.69,47230.01,47365.61,5790.0
1614099600000,47361.41,48197.74,46888.0,47175.27,3541.7
1614103200000,47163.74,47777.0,46501.34,46881.49,3767.8
1614106800000,46872.77,47291.03,45500.0,45523.0,4845.9
1614110400000,45523.02,47820.0,45251.0,47814.5,4719.4
1614114000000,47812.8,48474.31,47400.7,47937.33,4237.6
1614117600000,47930.44,48756.0,47738.82,48589.69,3213.0
1614121200000,48597.19,48938.85,48124.51,48891.0,2485.7
1614124800000,48891.0,49100.0,46988.69,48456.58,4847.5
1614128400000,48456.58,50225.22,48419.48,50191.6,5367.9
1614132000000,50191.68,50553.33,49803.0,50160.42,3962.0
1614135600000,50160.21,50993.57,50025.01,50874.99,3145.8
1614139200000,50869.77,51357.0,50327.35,50617.29,4569.4
1614142800000,50619.83,51044.22,50000.0,50247.4,3407.6
1614146400000,50247.61,50719.78,49456.0,50109.21,4666.1
1614150000000,50109.2,50368.4,49530.43,50090.57,3037.0
1614153600000,50090.61,50886.2,49799.29,50634.36,3931.0
1614157200000,50634.32,51374.99,50306.12,50847.51,4804.8
1614160800000,50847.5,51000.0,50033.52,50075.0,3196.2
1614164400000,50075.0,50875.0,50049.15,50360.02,2831.8
1614168000000,50360.02,51294.0,50326.81,50739.94,4539.0
1614171600000,50738.27,51060.0,49056.33,49481.61,7310.5
1614175200000,49469.19,49777.0,48758.0,49404.04,4794.1
1614178800000,49404.62,49850.0,48450.0,49819.5,4685.1
1614182400000,49819.49,50150.0,49160.0,49308.28,3788.5
1614186000000,49308.29,50060.31,49303.56,50041.8,2368.5
1614189600000,50046.03,50052.18,49465.15,49570.0,2338.3
1614193200000,49570.0,49690.15,48811.26,48959.93,2856.5
1614196800000,48959.93,49266.39,48581.26,49101.18,2532.7
1614200400000,49101.18,49150.0,48090.0,48707.72,3651.4
1614204000000,48715.97,48950.0,48028.18,48811.63,2341.1
1614207600000,48811.63,49747.49,48722.71,49676.2,2908.6
1614211200000,49676.21,50865.0,49517.01,50507.25,3530.4
1614214800000,50507.24,50884.88,50357.14,50504.71,2197.1
1614218400000,50505.26,50834.43,50421.36,50650.95,1895.0
1614222000000,50650.95,50659.77,50033.94,50206.97,1947.2
1614225600000,50206.97,50366.67,49567.89,49627.34,2531.0
1614229200000,49626.9,50449.07,49533.44,50388.6,2489.3
1614232800000,50391.1,50568.97,50212.79,50453.54,1878.1
1614236400000,50453.54,50559.51,50105.71,50395.99,1945.5
1614240000000,50395.58,50513.35,49534.9,49700.0,2853.5
1614243600000,49700.01,49840.6,48581.71,48977.03,4454.0
1614247200000,48977.03,49729.52,48812.92,49551.51,2744.3
1614250800000,49551.51,50403.14,49551.51,50294.8,3076.1
1614254400000,50299.0,51500.0,50077.0,51487.06,5006.7
1614258000000,51497.98,52041.73,51060.27,51347.6,6437.2
1614261600000,51351.93,51530.0,50599.0,50830.88,3602.7
1614265200000,50830.6,51367.61,50480.0,50849.99,3311.8
1614268800000,50850.0,51370.18,50563.82,50630.66,3186.6
1614272400000,50632.85,50665.78,49306.91,49550.95,4625.1
1614276000000,49550.96,50086.28,49226.09,49544.14,3513.0
1614279600000,49543.04,50000.0,49262.29,49443.86,2583.9
1614283200000,49442.2,49550.01,48529.47,49152.75,4249.7
1614286800000,49151.36,49300.0,48051.0,48101.99,3634.6
1614290400000,48102.01,48900.0,47471.0,48235.85,5670.5
1614294000000,48229.63,48463.27,46674.34,47073.73,5947.2
1614297600000,47073.73,47613.5,46000.0,46801.05,8103.4
1614301200000,46807.84,47479.06,46240.84,46480.48,6203.2
1614304800000,46480.48,47800.0,46124.74,47343.51,5240.3
1614308400000,47343.5,47695.77,46639.24,47330.24,3512.6
1614312000000,47331.34,47786.5,46806.49,47025.06,2839.2
1614315600000,47028.8,47207.4,45502.69,45517.53,5228.4
1614319200000,45524.35,46500.0,45512.02,46093.07,3894.7
1614322800000,46098.99,46430.02,44106.78,44973.68,10843.4
1614326400000,44986.99,45950.0,44939.19,45727.74,5560.5
1614330000000,45727.75,46626.35,45325.0,46410.76,6228.0
1614333600000,46410.76,46880.4,46168.0,46706.85,3745.3
1614337200000,46704.75,46850.0,45662.94,46427.65,3319.3
1614340800000,46427.65,47266.34,46315.08,46823.39,3485.3
1614344400000,46823.38,46999.77,45800.0,45958.41,3593.7
1614348000000,45958.41,47429.0,45828.37,46868.98,4508.9
1614351600000,46869.59,47853.13,46333.0,47594.65,5170.1
1614355200000,47590.66,48219.08,47450.0,48127.26,4556.2
1614358800000,48127.26,48424.11,47542.2,47660.98,3255.9
1614362400000,47659.96,47873.24,47269.99,47317.09,2473.7
1614366000000,47317.09,47478.07,46602.62,46959.17,3342.3
1614369600000,46959.18,47115.38,46071.89,46270.0,3514.3
1614373200000,46270.0,46867.0,45500.0,45677.46,3831.7
1614376800000,45680.0,45988.77,45000.0,45476.3,4401.0
1614380400000,45476.3,46444.57,45368.74,46276.87,2571.9
1614384000000,46276.88,47568.18,46156.24,47525.07,3534.3
1614387600000,47523.34,47960.0,47331.54,47761.97,2845.0
1614391200000,47761.97,48085.47,47186.0,47375.34,4456.6
1614394800000,47375.34,47937.03,47158.26,47423.08,2661.3
1614398400000,47423.07,47918.4,47278.54,47657.47,2060.9
1614402000000,47657.48,47955.58,47460.21,47803.71,1995.3
1614405600000,47799.68,48394.0,47527.33,47566.6,2654.9
1614409200000,47560.69,47626.26,46712.18,47158.53,3140.6
1614412800000,47153.01,47284.74,46380.0,46620.5,2860.2
1614416400000,46620.83,46827.73,46224.84,46671.04,2576.3
1614420000000,46671.04,47099.97,46601.01,46775.51,2600.5
1614423600000,46775.68,47640.03,46690.0,47299.99,2765.2
1614427200000,47299.99,47800.0,46735.63,47429.99,3286.1
1614430800000,47430.0,47700.0,47058.82,47441.91,2358.4
1614434400000,47441.91,47620.0,46836.0,47079.64,2567.0
1614438000000,47078.23,47378.92,46337.53,46528.64,3282.0
1614441600000,46528.82,46949.96,46271.0,46883.19,2253.5
1614445200000,46883.19,47177.0,46700.0,47042.53,1672.2
1614448800000,47041.13,47329.17,46900.0,47136.3,1457.7
1614452400000,47136.29,47450.26,47028.59,47405.39,1684.9
1614456000000,47405.38,47557.14,46900.0,47081.07,1868.8
1614459600000,47083.43,47170.0,46534.13,46825.3,1970.0
1614463200000,46825.3,46870.31,45742.0,45828.43,2593.3
1614466800000,45828.44,46441.41,45000.0,46106.43,6915.7
1614470400000,46103.67,46638.46,45588.11,46345.94,3169.8
1614474000000,46345.93,46600.0,46100.0,46442.5,1907.1
1614477600000,46439.2,46518.68,45220.28,45397.23,2844.5
1614481200000,45397.97,45684.56,44444.0,44629.17,5409.3
1614484800000,44632.7,45100.0,44267.48,44384.14,3744.7
1614488400000,44384.38,45600.0,44200.0,44791.27,4065.1
1614492000000,44791.27,44977.05,43738.65,44372.43,6061.4
1614495600000,44379.68,44783.29,44099.99,44400.83,2997.7
1614499200000,44400.83,45273.68,44375.02,44856.61,3222.9
1614502800000,44856.61,45530.62,44680.71,45067.61,2733.9
1614506400000,45067.51,45513.78,44712.19,45177.2,2357.3
1614510000000,45177.2,45493.87,44966.63,45284.86,2221.5
1614513600000,45287.25,45500.17,44501.0,44756.99,2991.0
1614517200000,44756.99,44889.0,44150.0,44178.8,3108.2
1614520800000,44183.52,44652.3,43556.98,44561.92,5862.9
1614524400000,44564.46,44628.89,43168.0,43391.14,5007.3
1614528000000,43391.14,43934.56,43000.0,43514.78,4682.8
1614531600000,43514.77,43942.62,43085.0,43119.02,3300.0
1614535200000,43123.42,43779.96,43001.0,43677.39,2672.3
1614538800000,43683.79,44521.66,43434.22,44405.32,2825.3
1614542400000,44402.88,44960.0,44088.0,44860.38,2724.0
1614546000000,44866.37,45380.21,44845.88,45129.52,3611.9
1614549600000,45129.52,45362.35,44755.1,45180.0,1990.6
1614553200000,45179.99,45919.61,44850.0,45135.66,3543.9
1614556800000,45134.11,46571.3,44950.53,46217.19,4899.6
1614560400000,46217.18,46492.33,45850.0,46161.83,2685.4
1614564000000,46166.16,46796.94,46102.84,46419.56,2927.0
1614567600000,46414.7,46540.31,46204.08,46336.37,1970.3
1614571200000,46336.38,46688.13,45959.7,46458.33,2152.4
1614574800000,46474.53,46486.33,45980.0,46200.47,2151.8
1614578400000,46200.46,46272.38,45641.02,45857.3,2462.8
1614582000000,45857.3,46425.61,45837.28,46288.18,2757.5
1614585600000,46291.87,47300.0,46272.1,47009.38,4893.9
1614589200000,47009.38,47500.0,46900.0,47350.12,3890.5
1614592800000,47347.51,47714.61,46968.0,47615.66,3790.5
1614596400000,47615.66,48050.0,47400.0,47722.78,5754.5
1614600000000,47722.42,48044.63,47450.32,47913.8,3184.9
1614603600000,47913.8,48441.96,47757.78,47799.33,5239.1
1614607200000,47799.34,48564.03,47580.1,48083.04,4564.1
1614610800000,48083.04,49298.0,48065.54,49188.0,5757.1
1614614400000,49187.99,49469.99,48530.36,49065.4,5838.0
1614618000000,49069.6,49200.0,48527.27,48565.0,3508.2
1614621600000,48565.0,48777.71,48233.33,48465.27,3120.3
1614625200000,48465.27,48700.0,48019.06,48262.83,2240.1
1614628800000,48262.66,48916.55,47876.0,48512.4,4496.2
1614632400000,48512.99,48872.0,48338.25,48784.09,2011.4
1614636000000,48784.46,49300.0,48588.89,49137.73,1882.4
1614639600000,49137.73,49790.0,49064.62,49587.03,2908.0
1614643200000,49595.76,50200.0,49278.94,49354.62,4346.8
1614646800000,49354.63,49699.93,48710.0,49368.6,2651.2
1614650400000,49368.6,49777.0,49045.45,49272.74,2909.3
1614654000000,49272.74,49398.0,48825.0,48974.75,2134.2
1614657600000,48974.74,49243.0,48544.75,49159.16,2213.5
1614661200000,49159.16,49402.07,48660.28,48672.07,1944.6
1614664800000,48673.88,48846.03,48333.0,48638.36,2733.7
1614668400000,48631.58,48833.1,48301.36,48331.61,2278.0
1614672000000,48331.6,49222.0,48270.69,48858.08,2996.2
1614675600000,48861.23,49265.54,48861.22,49144.23,2269.4
1614679200000,49144.22,49263.95,48550.0,48721.09,2242.3
1614682800000,48721.09,49047.06,48550.0,48844.13,1837.0
1614686400000,48844.14,49117.0,48568.98,48811.03,1941.9
1614690000000,48807.45,49076.7,48712.7,49000.0,2099.0
1614693600000,49000.0,49699.99,48769.32,48899.31,4150.0
1614697200000,48899.3,49043.99,48380.83,48676.08,3178.2
1614700800000,48676.09,48718.18,47265.79,47520.01,5366.2
1614704400000,47519.58,47982.45,47200.0,47852.63,3663.0
1614708000000,47852.63,48030.48,47526.31,47678.38,1994.9
1614711600000,47678.38,47944.43,47144.22,47467.43,2771.3
1614715200000,47467.43,47643.28,47047.6,47529.57,2453.6
1614718800000,47529.57,47870.0,47273.01,47407.03,1932.8
1614722400000,47407.25,47960.0,47331.96,47789.87,1254.0
1614726000000,47793.36,48489.24,47719.7,48440.65,2860.0
1614729600000,48436.61,48745.13,48100.71,48507.96,2531.6
1614733200000,48514.8,48882.43,48458.38,48848.63,1643.3
1614736800000,48848.63,49000.51,48528.92,48594.07,1553.5
1614740400000,48594.06,48839.27,48494.53,48704.75,1185.1
1614744000000,48704.75,49327.7,48653.09,49105.47,2790.4
1614747600000,49105.47,49466.69,48837.0,49079.64,2164.6
1614751200000,49078.59,49637.39,49078.59,49529.9,2958.8
1614754800000,49529.9,49960.0,49474.11,49752.97,2792.5
1614758400000,49752.97,50998.0,49752.97,50909.41,5488.7
1614762000000,50909.4,51495.0,50720.0,51445.31,5106.8
1614765600000,51445.31,51756.05,51187.07,51414.19,4520.0
1614769200000,51414.19,51777.0,51155.33,51666.33,4391.3
1614772800000,51665.83,52575.17,51355.0,52540.04,5714.4
1614776400000,52547.23,52640.0,51188.31,51559.5,5758.6
1614780000000,51559.63,51564.15,50651.0,50776.36,7069.1
1614783600000,50776.35,51155.0,50481.0,50767.36,4526.1
1614787200000,50767.35,51444.9,50750.02,51077.0,4984.1
1614790800000,51077.0,51449.84,50825.18,51307.78,2696.7
1614794400000,51305.5,51600.0,51100.0,51233.11,2318.5
1614798000000,51233.11,51257.29,50260.0,50857.17,3237.7
1614801600000,50857.17,51172.62,50431.37,50521.4,2027.5
1614805200000,50523.93,51123.0,50364.64,50958.6,1734.8
1614808800000,50956.1,51356.86,50500.0,50577.34,1805.8
1614812400000,50577.33,51068.99,50301.5,50349.37,2035.8
1614816000000,50349.37,51147.05,49850.81,50894.48,3929.7
1614819600000,50894.48,51622.94,50714.28,51475.19,3033.5
1614823200000,51475.14,51773.88,50790.55,50791.63,2491.8
1614826800000,50792.02,51033.47,49401.3,49574.89,4911.7
1614830400000,49574.89,49811.66,49010.1,49065.33,3987.5
1614834000000,49065.32,49698.43,49034.81,49661.35,2844.0
1614837600000,49664.4,49870.0,49237.49,49393.07,2645.2
1614841200000,49393.08,49816.0,49320.0,49696.49,2234.0
1614844800000,49701.37,50756.23,49688.46,50221.61,4072.4
1614848400000,50221.67,50225.0,48524.86,49069.98,5990.2
1614852000000,49069.99,49562.49,48747.46,49219.42,3159.2
1614855600000,49216.96,49499.0,48898.64,49323.32,2362.8
1614859200000,49323.31,49764.92,49113.63,49355.84,2548.5
1614862800000,49355.85,49710.0,48721.43,49633.44,3379.9
1614866400000,49633.44,50569.41,49205.13,49422.53,4935.9
1614870000000,49422.53,49812.41,48829.07,49412.6,4123.2
1614873600000,49412.6,50033.92,49300.01,49693.59,2731.2
1614877200000,49694.6,49927.34,48319.36,48508.07,4940.8
1614880800000,48508.01,48666.66,47588.52,47600.01,5960.9
1614884400000,47600.0,48394.04,47596.29,48000.36,3689.4
1614888000000,48000.37,48270.99,47500.0,48221.0,3058.6
1614891600000,48221.0,48434.68,47800.0,47955.77,1971.8
1614895200000,47955.78,48350.0,47859.16,48249.99,1346.5
1614898800000,48249.99,48710.94,48049.0,48374.09,2300.8
1614902400000,48374.09,48376.2,46512.9,46829.84,6980.8
1614906000000,46829.84,47000.0,46300.0,46709.94,4433.2
1614909600000,46709.95,47180.85,46366.33,47108.28,3350.9
1614913200000,47107.25,47339.0,46800.88,47289.81,2239.2
1614916800000,47289.81,47307.69,46500.0,46679.08,2082.3
1614920400000,46670.26,47253.17,46665.73,47153.13,2232.8
1614924000000,47153.13,47442.01,46954.81,47396.56,2085.3
1614927600000,47396.56,47547.0,47010.89,47380.0,2244.8
1614931200000,47380.0,47500.0,46418.12,46634.35,3888.0
1614934800000,46635.75,47157.43,46530.0,47063.51,2099.1
1614938400000,47063.5,47229.79,46780.01,47080.97,2049.1
1614942000000,47080.96,47523.59,47080.96,47478.87,2364.2
1614945600000,47478.86,47880.0,46974.32,47649.99,3769.8
1614949200000,47650.0,48296.93,47325.94,48056.18,4933.8
1614952800000,48061.21,48728.21,47936.51,48136.81,5144.6
1614956400000,48136.82,48698.19,47837.83,47867.45,3709.7
1614960000000,47867.45,47867.45,46885.0,47658.14,5565.8
1614963600000,47656.65,48237.42,47320.0,48096.01,3532.1
1614967200000,48096.0,48558.5,47918.38,48478.11,3039.4
1614970800000,48478.12,49400.0,48310.4,49295.47,3687.8
1614974400000,49285.76,49448.93,48832.17,49173.85,2917.7
1614978000000,49173.85,49398.0,48890.97,49035.21,2046.2
1614981600000,49035.2,49389.99,48673.71,49061.76,1773.9
1614985200000,49061.77,49160.29,48579.59,48751.71,2021.9
1614988800000,48746.81,49156.0,48675.67,48808.05,1845.2
1614992400000,48807.83,48901.65,48520.0,48647.38,1293.8
1614999600000,48647.37,48801.81,48350.0,48657.72,818.4
1615003200000,48657.72,48687.49,48115.83,48451.16,1726.7
1615006800000,48450.12,48895.32,48193.0,48496.28,1653.8
1615010400000,48496.27,48971.29,48482.17,48922.0,1754.1
1615014000000,48922.0,49117.32,48772.24,48820.12,1647.2
1615017600000,48820.13,49100.0,48600.0,48641.64,2233.9
1615021200000,48641.65,48785.0,48270.01,48335.1,1882.9
1615024800000,48335.22,48499.99,48000.0,48035.36,2155.0
1615028400000,48035.37,48331.91,48000.0,48171.01,1402.2
1615032000000,48171.02,48212.85,47401.82,47660.74,3296.6
1615035600000,47660.75,47753.39,47070.0,47320.3,3107.9
1615039200000,47320.3,47725.51,47201.12,47560.96,1820.4
1615042800000,47562.67,47712.69,47238.32,47267.88,1475.2
1615046400000,47267.88,47941.03,47104.85,47757.43,2487.1
1615050000000,47755.08,48450.0,47655.01,48250.69,2674.9
1615053600000,48250.7,48623.0,48109.79,48473.3,2003.1
1615057200000,48473.3,48690.6,48248.27,48341.01,1584.4
1615060800000,48341.0,48734.84,48223.36,48518.5,2390.3
1615064400000,48518.51,48723.0,48264.63,48578.71,1716.1
1615068000000,48577.22,49200.0,48463.75,48920.88,1991.4
1615071600000,48920.87,49120.01,48805.0,48882.2,1438.7
1615075200000,48882.2,49312.0,48882.2,49203.25,2100.3
1615078800000,49203.25,49490.0,48982.17,49121.95,2165.9
1615082400000,49121.95,49851.0,49052.91,49550.58,2580.0
1615086000000,49550.57,49900.99,49433.88,49551.44,1952.2
1615089600000,49551.43,49687.98,49296.8,49436.18,1523.2
1615093200000,49436.18,49459.25,49111.11,49342.0,1579.3
1615096800000,49342.0,49650.0,49146.68,49458.56,1487.2
1615100400000,49459.61,50179.17,49327.57,50052.68,1987.0
1615104000000,50041.84,50839.54,50041.84,50383.09,4309.5
1615107600000,50384.11,51148.22,50384.11,50943.02,4217.0
1615111200000,50942.82,50985.84,50448.3,50612.92,2825.8
1615114800000,50612.92,50899.22,50472.81,50705.52,2058.3
1615118400000,50705.52,50827.68,50391.19,50746.2,1924.7
1615122000000,50746.2,50850.0,50504.22,50764.44,1476.2
1615125600000,50764.44,51250.0,50130.65,50646.34,3464.3
1615129200000,50644.47,50827.93,50375.0,50585.23,1711.8
1615132800000,50585.23,51352.1,50585.23,51052.9,3580.1
1615136400000,51052.89,51201.0,50757.59,51075.93,2180.5
1615140000000,51075.92,51085.71,50368.2,50412.31,1905.3
1615143600000,50412.31,50580.21,50250.0,50381.68,1644.6
1615147200000,50381.69,50381.69,49758.01,50036.64,2640.4
1615150800000,50036.63,50265.81,49833.08,50086.12,1457.0
1615154400000,50086.11,50784.12,49986.39,50498.55,1517.2
1615158000000,50498.56,51450.03,50480.89,50971.75,2947.5
1615161600000,50959.11,51685.0,50843.59,51491.1,3257.9
1615165200000,51491.1,51847.38,51250.05,51557.7,2584.4
1615168800000,51557.7,51594.22,50481.84,50730.82,2903.1
1615172400000,50730.82,50808.32,50234.98,50598.49,2601.7
1615176000000,50598.49,50598.5,50100.0,50417.44,2251.8
1615179600000,50417.45,50816.16,50355.16,50765.77,2044.3
1615183200000,50765.77,50944.0,50150.42,50274.76,2858.2
1615186800000,50274.76,50427.53,49521.2,49755.24,4023.2
1615190400000,49755.24,49888.59,49274.67,49880.35,3692.5
1615194000000,49880.49,50099.97,49400.0,49880.0,2802.5
1615197600000,49883.13,50271.67,49682.3,50061.0,2791.0
1615201200000,50061.01,50560.0,49878.0,50496.82,2218.7
1615204800000,50490.39,50550.0,50100.01,50275.0,2463.6
1615208400000,50274.58,51065.63,50265.16,50978.43,3657.9
1615212000000,50978.42,51233.0,50122.45,50740.9,3500.5
1615215600000,50744.26,51220.0,50541.67,51054.99,3226.8
1615219200000,51055.0,51175.0,50550.01,50664.91,2348.9
1615222800000,50664.91,50880.0,50630.0,50809.04,1704.2
1615226400000,50801.55,51075.4,50732.36,50803.18,1705.5
1615230000000,50803.19,51485.35,50790.0,51310.82,2750.1
1615233600000,51310.82,51996.58,51236.2,51759.63,3743.7
1615237200000,51762.77,51927.0,51505.0,51848.33,2386.9
1615240800000,51848.34,51900.0,51300.0,51599.99,2086.9
1615244400000,51599.99,52402.78,51599.99,52375.17,3383.2
1615248000000,52375.18,52540.48,51789.41,52020.23,3791.4
1615251600000,52020.24,53760.0,51981.26,53575.35,7510.1
1615255200000,53575.35,53799.0,53250.41,53592.7,3698.6
1615258800000,53592.84,54100.0,53452.47,53840.62,3755.9
1615262400000,53840.63,54040.0,53484.44,53678.88,2461.5
1615266000000,53684.14,54400.8,53681.44,54254.52,3270.8
1615269600000,54254.52,54448.0,53737.0,53847.64,3100.3
1615273200000,53847.64,53890.92,53409.57,53546.9,3215.8
1615276800000,53546.89,54168.99,53274.96,54023.79,2853.6
1615280400000,54023.79,54270.27,53872.05,54112.5,2719.1
1615284000000,54112.5,54355.0,53875.0,54159.52,3441.5
1615287600000,54159.52,54293.97,53917.21,54233.32,2086.8
1615291200000,54235.88,54236.7,53538.77,53725.5,2514.8
1615294800000,53725.49,54815.84,53664.21,54779.99,4188.6
1615298400000,54780.26,54787.99,54364.32,54488.22,3828.4
1615302000000,54491.33,54515.22,53852.36,54097.02,3283.8
1615305600000,54097.03,54338.0,53750.0,54098.11,2509.8
1615309200000,54098.1,54272.05,53770.71,53793.76,1643.4
1615312800000,53793.75,54046.78,53626.97,53885.96,1917.2
1615316400000,53885.96,54225.35,53790.0,54108.79,1688.8
1615320000000,54108.79,54584.19,54052.76,54326.14,2231.2
1615323600000,54326.14,54519.47,53882.52,54278.61,2200.6
1615327200000,54278.61,54860.28,54139.1,54808.75,1795.9
1615330800000,54808.76,54895.0,54474.99,54884.5,1948.9
1615334400000,54874.67,55763.0,54782.93,55510.0,5030.9
1615338000000,55510.01,55813.09,54468.26,54676.87,3691.2
1615341600000,54676.86,54676.87,53300.0,53936.44,5819.5
1615345200000,53936.43,54126.67,53134.8,53467.8,3497.1
1615348800000,53468.33,53837.16,53332.46,53647.63,1979.7
1615352400000,53647.63,53692.21,53005.0,53651.39,2203.2
1615356000000,53651.38,54065.65,53510.01,53864.41,2539.0
1615359600000,53864.4,54407.74,53826.26,54173.38,3010.9
1615363200000,54177.47,54734.96,54032.38,54632.79,2225.6
1615366800000,54632.78,55444.0,54300.11,55227.99,3499.6
1615370400000,55228.0,55389.0,54679.95,54832.98,2604.5
1615374000000,54832.99,54991.0,54512.0,54858.47,2400.1
1615377600000,54858.47,55481.28,54834.0,55219.99,2894.2
1615381200000,55219.99,56333.0,55139.01,56262.56,5022.5
1615384800000,56260.09,56400.0,55761.66,56092.62,4222.2
1615388400000,56092.62,56489.66,55952.63,56328.81,3869.2
1615392000000,56328.81,57075.92,56100.0,57009.53,4890.4
1615395600000,57009.53,57100.0,56366.0,56860.01,4201.9
1615399200000,56860.01,57100.0,56566.0,56730.54,3021.7
1615402800000,56730.55,57387.69,56595.76,56739.4,3678.8
1615406400000,56739.4,56894.11,56037.15,56266.0,4313.7
1615410000000,56266.0,57045.22,55530.01,56918.4,4757.6
1615413600000,56919.1,57225.73,56476.95,56905.37,2148.3
1615417200000,56905.37,56950.0,55800.0,55851.59,3227.5
1615420800000,55851.59,56499.98,55505.0,55601.55,3761.6
1615424400000,55607.55,55947.36,55170.22,55781.92,2880.3
1615428000000,55781.91,56323.51,55649.93,56314.58,2435.8
1615431600000,56316.41,56483.11,55599.0,55992.6,2196.1
1615435200000,55992.6,56179.87,55603.66,55835.4,1923.3
1615438800000,55835.39,55835.39,55200.8,55275.32,2300.1
1615442400000,55275.32,55767.15,55005.0,55557.94,2896.9
1615446000000,55555.13,55797.07,55005.0,55034.2,2820.5
1615449600000,55034.21,55093.53,54272.82,54761.02,5458.6
1615453200000,54761.01,54928.43,54431.86,54474.27,2587.0
1615456800000,54474.27,55612.95,54414.4,55530.6,3587.1
1615460400000,55530.59,56270.75,55407.18,56227.34,3528.2
1615464000000,56233.42,56445.09,55702.09,56272.54,3821.5
1615467600000,56275.0,56999.0,56272.54,56921.18,3907.8
1615471200000,56921.18,57238.5,56462.48,56815.13,4930.1
1615474800000,56815.13,57091.06,55855.0,56347.19,4918.3
1615478400000,56347.19,57030.0,56340.06,56872.1,3501.2
1615482000000,56872.1,57050.0,56269.76,56802.88,3424.9
1615485600000,56802.88,57682.0,56531.67,57519.86,4910.6
1615489200000,57519.86,57651.35,56628.03,56827.84,2840.1
1615492800000,56823.78,57600.0,56560.0,57457.36,3049.2
1615496400000,57457.36,57900.0,57235.29,57562.49,4464.2
1615500000000,57573.7,58050.0,57462.12,57874.67,2810.0
1615503600000,57882.57,58150.0,57604.16,57773.16,2961.4
1615507200000,57773.15,58081.51,56777.77,57362.04,4018.3
1615510800000,57362.05,57640.34,56624.0,56902.8,2607.2
1615514400000,56902.8,57120.67,56700.0,56972.08,1664.6
1615518000000,56972.08,57294.47,56800.0,57104.17,1559.9
1615521600000,57107.14,57238.7,56456.58,56696.17,2369.9
1615525200000,56696.18,57269.87,56350.0,57164.51,2283.9
1615528800000,57168.24,57430.0,56894.49,57061.52,2057.8
1615532400000,57061.52,57061.53,56456.71,56670.9,2870.5
1615536000000,56670.9,57095.76,56259.79,56503.21,3164.3
1615539600000,56506.71,56819.42,56311.0,56540.53,2384.2
1615543200000,56540.53,56866.83,55826.05,56715.97,3955.4
1615546800000,56715.97,57073.48,56347.0,56500.0,2990.1
1615550400000,56499.99,56844.61,56179.47,56386.89,2404.4
1615554000000,56385.97,56391.25,54962.84,55689.99,8573.2
1615557600000,55689.99,56252.77,55368.42,56211.83,3760.8
1615561200000,56221.53,57095.41,56025.2,56956.95,4384.4
1615564800000,56956.96,57625.91,56956.95,57367.21,4128.0
1615568400000,57367.21,57768.0,57062.31,57175.99,2912.8
1615572000000,57175.26,57667.79,57070.0,57349.23,2355.2
1615575600000,57349.24,57547.07,56712.51,56942.41,2759.5
1615579200000,56942.41,57200.0,56400.0,56696.8,3482.3
1615582800000,56696.81,57170.0,56262.14,56936.78,2554.4
1615586400000,56936.78,57465.38,56859.06,57157.29,2252.9
1615590000000,57157.29,57500.0,57153.68,57221.72,1911.3
1615593600000,57221.72,57307.2,56312.91,56689.35,2913.4
1615597200000,56689.36,56707.0,56081.59,56386.39,2358.6
1615600800000,56386.39,56639.54,56078.23,56473.41,2183.7
1615604400000,56473.41,56790.0,56308.98,56694.32,1902.4
1615608000000,56694.32,56899.0,56257.47,56896.32,1547.9
1615611600000,56882.74,57090.46,56610.0,56744.89,1432.0
1615615200000,56744.89,57060.86,56491.92,56931.58,1759.4
1615618800000,56931.57,57389.58,56753.9,57343.7,1998.2
1615622400000,57343.7,57649.03,57126.2,57434.31,2957.4
1615626000000,57434.3,57614.52,57253.31,57610.77,1827.0
1615629600000,57610.77,59850.0,57446.81,59448.19,12697.0
1615633200000,59448.2,60200.0,59420.99,59849.74,9101.2
1615636800000,59853.58,60500.0,59232.53,59911.99,5886.1
1615640400000,59911.99,60159.45,59500.0,59915.25,3621.8
1615644000000,59915.3,60087.09,59700.67,59756.45,2295.3
1615647600000,59761.93,59953.63,59523.0,59692.99,2357.2
1615651200000,59693.0,59924.18,59458.67,59820.43,2721.3
1615654800000,59820.39,60520.0,59751.7,60333.33,3328.8
1615658400000,60333.33,60451.39,59977.6,60281.95,2419.1
1615662000000,60281.95,60864.97,60144.2,60773.56,3094.0
1615665600000,60773.56,61844.0,60651.74,61648.26,6042.5
1615669200000,61648.26,61737.02,60605.5,61151.07,4486.0
1615672800000,61156.4,61311.19,60767.62,61096.04,1770.7
1615676400000,61091.75,61480.0,61089.98,61188.39,2544.1
1615680000000,61188.38,61724.79,60900.0,61260.48,2902.2
1615683600000,61260.47,61260.48,60724.26,61081.0,2275.2
1615687200000,61081.0,61218.2,60788.01,61061.27,1563.8
1615690800000,61061.28,61472.08,60900.0,61356.31,1564.5
1615694400000,61356.3,61595.09,61088.67,61225.53,1478.0
1615698000000,61225.54,61285.41,60903.96,61016.29,1714.9
1615701600000,61016.29,61016.3,60523.14,60975.39,2353.1
1615705200000,60975.39,60975.39,60455.28,60494.8,1519.3
1615708800000,60494.8,60871.03,60250.01,60787.75,2163.7
1615712400000,60787.75,61110.53,60618.0,60934.11,1847.3
1615716000000,60933.62,60970.0,60135.37,60293.09,2947.3
1615719600000,60293.08,60405.03,59354.62,60308.31,4632.3
1615723200000,60308.3,60550.0,60140.96,60427.82,2296.8
1615726800000,60427.81,60481.7,59734.03,59940.0,2543.1
1615730400000,59940.0,60477.83,59868.12,60001.91,1950.7
1615734000000,60001.9,60150.0,59470.0,59681.26,2495.6
1615737600000,59681.21,60066.59,59300.0,59567.74,3099.3
1615741200000,59567.74,60023.07,59523.66,59701.1,1638.6
1615744800000,59701.1,60369.99,59700.0,60138.31,1579.2
1615748400000,60138.31,60200.0,59789.74,59931.7,1318.7
1615752000000,59928.71,60325.98,59702.78,60264.48,1677.5
1615755600000,60264.48,60485.08,59852.18,60081.54,1481.0
1615759200000,60081.55,60324.43,59733.38,60201.19,1415.0
1615762800000,60201.19,60750.0,58966.78,58968.31,4143.9
1615766400000,58976.08,59917.78,58705.47,59404.48,4470.9
1615770000000,59404.48,60251.42,59227.52,60066.56,2965.9
1615773600000,60066.56,60331.02,60037.61,60069.63,1776.4
1615777200000,60069.63,60491.47,60069.62,60379.99,1353.8
1615780800000,60379.99,60633.43,59658.87,59773.71,2437.9
1615784400000,59773.7,59916.24,59005.0,59013.35,3320.9
1615788000000,59019.39,59365.42,58421.0,58781.49,4947.8
1615791600000,58783.38,58792.57,57253.0,57789.76,8895.4
1615795200000,57789.75,58350.0,57500.0,57757.7,4975.3
1615798800000,57757.71,58100.0,54600.0,55867.91,16138.5
1615802400000,55871.29,56438.0,55555.55,56355.14,5624.8
1615806000000,56355.13,56576.37,55888.01,56150.79,4161.9
1615809600000,56150.8,56481.38,55050.0,56439.53,6180.2
1615813200000,56439.54,57046.87,56250.48,56855.58,4832.1
1615816800000,56855.58,57312.47,56123.12,56134.09,4699.2
1615820400000,56134.09,56816.69,55854.2,56224.13,4402.4
1615824000000,56224.14,56700.0,55669.28,56247.87,4463.0
1615827600000,56261.02,56331.11,55478.01,56035.79,3315.7
1615831200000,56034.82,56377.66,55800.0,56113.9,2345.8
1615834800000,56113.9,56647.24,56096.8,56570.36,2094.0
1615838400000,56570.37,56930.17,56221.0,56379.97,2748.5
1615842000000,56379.97,56940.0,56338.56,56707.71,1725.2
1615845600000,56712.71,56900.0,55979.22,56136.73,2331.7
1615849200000,56144.74,56672.0,55537.0,55605.2,2564.3
1615852800000,55605.2,56140.55,53960.11,54088.76,7957.2
1615856400000,54097.2,54568.42,53271.34,54471.57,6577.5
1615860000000,54471.57,54649.95,54122.38,54567.64,2831.2
1615863600000,54567.64,54624.99,53850.0,54272.86,3152.4
1615867200000,54272.66,54850.0,54188.82,54418.19,2351.5
1615870800000,54418.19,54459.08,53607.93,54096.52,2955.5
1615874400000,54088.44,55334.77,53650.0,55060.06,4607.0
1615878000000,55060.05,55491.0,54787.7,55239.81,3771.7
1615881600000,55239.81,56100.0,55110.73,55894.27,3835.3
1615885200000,55892.13,56400.0,55709.32,55870.43,2595.1
1615888800000,55870.43,56150.05,55432.44,55805.0,2847.3
1615892400000,55805.0,55900.0,55079.63,55471.21,3253.4
1615896000000,55464.11,55631.57,54596.89,55091.95,3389.4
1615899600000,55091.94,55906.86,55006.35,55324.3,3311.9
1615903200000,55324.3,55722.55,55199.48,55645.93,2532.8
1615906800000,55645.93,55913.57,55420.0,55844.92,2814.9
1615910400000,55844.92,56087.02,55436.66,55657.89,2849.0
1615914000000,55657.9,55850.99,54950.16,55250.21,3538.5
1615917600000,55250.2,55667.95,55091.32,55349.99,2023.4
1615921200000,55349.99,55820.0,55151.7,55731.36,1579.1
1615924800000,55731.36,56431.41,55673.23,56373.1,2877.4
1615928400000,56369.86,56619.02,56083.08,56450.11,1699.8
1615932000000,56450.1,56820.0,56225.79,56243.43,2651.0
1615935600000,56243.44,56938.29,56070.23,56900.75,1984.2
1615939200000,56900.74,57189.43,56258.77,56518.57,3017.4
1615942800000,56518.57,56535.06,56060.0,56283.4,1658.8
1615946400000,56283.41,56283.41,55629.34,55777.69,2010.8
1615950000000,55777.68,56152.41,55401.02,55506.23,1845.9
1615953600000,55506.23,55861.88,55401.01,55569.07,1498.0
1615957200000,55569.06,55970.28,55185.42,55951.37,2124.2
1615960800000,55951.37,56326.53,55834.29,56306.84,2223.8
1615964400000,56306.84,56322.46,55682.03,55821.01,1768.8
1615968000000,55819.23,56052.63,55622.94,55775.16,1931.0
1615971600000,55784.11,55871.05,54326.27,54762.77,4958.3
1615975200000,54763.59,55234.88,54600.0,55088.89,2354.4
1615978800000,55088.9,55200.0,54569.99,54840.0,2315.5
1615982400000,54840.01,55413.63,54123.69,55151.01,3930.0
1615986000000,55151.01,55406.79,54711.6,55105.41,3060.9
1615989600000,55108.44,55152.48,54524.65,54548.97,2732.5
1615993200000,54547.57,55244.03,54298.18,54930.0,3582.2
1615996800000,54930.0,55600.27,54740.0,55275.08,2677.4
1616000400000,55275.08,55659.93,55162.6,55542.5,1783.1
1616004000000,55542.5,57576.28,55542.5,57575.51,6667.4
1616007600000,57575.51,58201.58,57329.44,57867.42,5961.0
1616011200000,57867.42,58333.0,57709.04,57715.19,3385.0
1616014800000,57710.93,58732.08,57601.92,58427.49,3200.3
1616018400000,58427.49,58940.0,58234.33,58284.41,3296.3
1616022000000,58299.98,58974.73,58236.0,58912.97,2438.8
1616025600000,58912.97,59561.54,58709.03,58927.54,4549.1
1616029200000,58927.53,59326.93,58758.01,59043.14,2078.7
1616032800000,59043.13,59300.0,58908.0,58996.77,1879.6
1616036400000,58999.17,59058.33,58606.1,58712.33,1790.2
1616040000000,58712.34,59200.0,58623.85,58800.01,1944.1
1616043600000,58800.01,59183.96,58651.0,58957.44,1825.8
1616047200000,58957.43,59070.0,58650.01,58910.0,2056.9
1616050800000,58909.99,58926.26,58119.0,58355.15,3028.6
1616054400000,58355.14,58525.83,57899.0,58007.11,2413.2
1616058000000,58007.11,58475.01,57936.22,58399.98,2245.1
1616061600000,58399.98,58660.0,58221.05,58520.25,1746.5
1616065200000,58520.24,58550.0,57870.38,58170.37,2116.0
1616068800000,58168.69,58187.11,57586.31,58051.31,3297.5
1616072400000,58051.31,58188.85,57777.0,57846.31,1998.1
1616076000000,57846.31,58037.35,57500.0,57863.14,2429.2
1616079600000,57863.13,59637.39,57700.0,59533.68,5520.7
1616083200000,59533.67,60129.97,59037.15,59080.61,7435.2
1616086800000,59074.61,59480.0,59073.4,59250.81,2837.0
1616090400000,59250.81,59310.13,58000.1,58221.01,3740.4
1616094000000,58221.02,58416.56,57200.0,57293.79,3699.0
1616097600000,57294.12,57898.66,57023.0,57508.9,2886.4
1616101200000,57506.15,57995.0,57434.79,57900.05,1567.2
1616104800000,57900.06,58146.6,57623.23,57627.64,1703.5
1616108400000,57635.11,58036.43,57354.24,57648.16,1792.3
1616112000000,57641.0,57689.65,56270.74,56880.0,4455.5
1616115600000,56880.0,57413.67,56663.23,57393.18,1844.1
1616119200000,57393.19,57763.0,57200.0,57358.32,1694.2
1616122800000,57358.31,57898.48,57298.81,57779.84,1431.3
1616126400000,57779.84,58259.02,57632.38,57866.12,1888.5
1616130000000,57866.13,58391.78,57603.92,58364.76,1695.0
1616133600000,58362.01,58492.85,57978.71,58142.29,1609.3
1616137200000,58142.29,58381.5,57700.0,57834.04,1715.8
1616140800000,57834.04,58568.0,57499.63,58338.07,3166.1
1616144400000,58338.09,58888.0,58178.13,58300.0,2623.0
1616148000000,58295.02,58707.27,58101.97,58583.92,1819.6
1616151600000,58583.92,58834.49,58402.66,58831.33,2091.4
1616155200000,58831.34,59249.5,58718.57,58849.99,2998.9
1616158800000,58849.99,58884.0,58057.04,58280.0,3297.1
1616162400000,58279.99,58786.03,57950.59,58729.99,2375.2
1616166000000,58729.98,59164.86,58500.0,58971.5,2704.9
1616169600000,58977.04,59180.0,58610.56,58859.79,2724.4
1616173200000,58857.51,58976.47,58625.0,58864.3,1451.3
1616176800000,58865.57,58956.0,58345.14,58800.0,1683.6
1616180400000,58800.0,58970.6,58643.99,58826.56,1456.4
1616184000000,58826.56,59468.0,58101.92,58372.4,3962.1
1616187600000,58372.41,58755.15,58299.08,58648.78,1105.4
1616191200000,58648.78,58648.78,58283.94,58501.56,972.2
1616194800000,58501.55,58550.61,58000.0,58030.01,1627.3
1616198400000,58030.01,58677.52,57820.17,58639.33,2400.2
1616202000000,58639.33,58879.18,58482.57,58724.01,1418.8
1616205600000,58724.02,58913.98,58416.16,58549.33,1292.8
1616209200000,58549.33,58581.62,58179.05,58367.74,1369.4
1616212800000,58367.75,58606.63,58153.28,58209.83,1090.3
1616216400000,58209.83,58362.11,58050.0,58131.57,1005.9
1616220000000,58131.57,58373.46,57980.0,58344.3,1229.5
1616223600000,58344.3,58536.84,58268.0,58402.41,1346.3
1616227200000,58402.41,58798.6,58402.4,58671.46,2269.3
1616230800000,58671.45,58899.0,58577.55,58780.02,1731.0
1616234400000,58780.03,58908.26,58577.0,58687.97,1237.6
1616238000000,58685.98,59299.0,58626.27,59242.47,2563.6
1616241600000,59242.91,59325.6,58756.41,59144.54,1890.9
1616245200000,59144.54,59880.0,58610.62,59033.13,4616.4
1616248800000,59027.95,59368.75,58755.3,59365.02,2675.7
1616252400000,59365.02,59722.0,59030.23,59244.52,2360.9
1616256000000,59244.51,59300.0,58901.66,59031.13,2191.0
1616259600000,59032.02,59297.0,59019.0,59138.44,1417.9
1616263200000,59138.43,59474.89,59104.28,59173.03,1437.5
1616266800000,59173.03,59424.73,59134.89,59272.82,1012.1
1616270400000,59272.83,59381.7,58131.55,58519.84,3576.5
1616274000000,58519.77,58782.77,58371.01,58728.76,935.9
1616277600000,58728.75,58800.0,58370.65,58503.01,1162.2
1616281200000,58503.01,58525.96,57966.85,58102.28,2245.1
1616284800000,58100.02,58589.1,57811.41,58331.43,2342.9
1616288400000,58331.42,58463.99,58091.02,58180.0,953.5
1616292000000,58179.99,58180.0,57480.0,57615.32,2283.6
1616295600000,57615.33,57856.42,57363.07,57790.0,1761.7
1616299200000,57790.0,57797.45,56717.81,56909.83,3073.2
1616302800000,56911.99,57242.59,56856.66,57129.99,1641.1
1616306400000,57130.0,57413.66,56668.0,57047.98,1874.1
1616310000000,57047.98,57312.64,56862.07,56972.68,1201.1
1616313600000,56972.68,57325.45,56800.0,57161.38,1533.4
1616317200000,57161.38,57260.0,55450.11,55963.32,4428.2
1616320800000,55960.52,56384.33,55605.94,56134.34,3100.6
1616324400000,56134.34,56330.0,55811.0,56267.65,1990.5
1616328000000,56270.13,56291.16,55870.23,56191.64,1993.9
1616331600000,56191.64,57362.68,56191.63,57026.8,3817.2
1616335200000,57021.95,57320.66,57000.05,57177.37,1476.5
1616338800000,57177.37,57539.0,57013.3,57159.04,1843.3
1616342400000,57159.04,57415.0,56750.0,57222.31,2353.1
1616346000000,57220.26,57303.95,56962.26,57249.14,1477.5
1616349600000,57249.13,57481.01,57186.82,57365.08,1076.8
1616353200000,57365.08,57676.0,57357.94,57513.18,1742.1
1616356800000,57517.0,57997.0,57517.0,57760.48,1930.0
1616360400000,57760.47,58098.99,57474.46,58087.79,1423.2
1616364000000,58085.41,58113.0,57530.82,57588.25,1502.2
1616367600000,57588.25,57789.25,57128.89,57351.56,1744.8
1616371200000,57351.56,57449.47,56420.0,56590.76,2801.9
1616374800000,56585.85,56735.0,56289.0,56623.19,1877.9
1616378400000,56623.2,57034.96,56418.55,56969.85,1345.9
1616382000000,56969.84,57647.89,56969.84,57563.63,1620.7
1616385600000,57564.17,57831.41,57388.07,57615.8,1442.6
1616389200000,57615.8,57780.1,57315.22,57597.39,1190.1
1616392800000,57597.39,57895.78,57569.43,57678.12,1405.5
1616396400000,57678.12,57850.0,57513.41,57576.5,1477.3
1616400000000,57576.51,57703.29,57095.0,57210.57,1812.0
1616403600000,57210.58,57396.99,57024.13,57372.0,1792.6
1616407200000,57372.01,58430.73,57282.0,57908.82,3343.8
1616410800000,57908.82,58160.55,57555.55,57713.79,1618.7
1616414400000,57713.79,57761.0,56857.96,57259.48,2852.5
1616418000000,57267.75,57414.0,56521.01,56969.98,3973.1
1616421600000,56969.98,57279.26,56778.52,56990.02,2367.5
1616425200000,56990.02,57229.71,56866.38,57083.0,1765.2
1616428800000,57082.99,57195.0,56191.19,56753.6,3186.9
1616432400000,56753.61,57190.0,56551.04,57080.31,1802.8
1616436000000,57080.31,57175.11,56366.0,56494.11,2352.9
1616439600000,56492.91,56561.6,55508.0,55524.99,3887.4
1616443200000,55524.99,56000.0,54179.99,54507.62,6810.6
1616446800000,54504.94,54956.33,54200.0,54566.77,3177.5
1616450400000,54566.77,54658.87,53650.0,54614.23,5482.6
1616454000000,54614.99,54871.14,54060.0,54083.25,3193.7
1616457600000,54083.25,54760.0,53777.68,54697.73,3111.4
1616461200000,54681.39,55344.26,54509.89,55120.83,3136.6
1616464800000,55120.83,55145.05,54438.0,54548.58,2407.1
1616468400000,54548.58,54742.3,54379.96,54684.83,1868.3
1616472000000,54683.6,54780.02,54057.28,54438.64,1925.3
1616475600000,54435.33,54471.36,53111.66,53532.25,4706.3
1616479200000,53532.26,53806.65,53000.0,53306.84,4134.6
1616482800000,53306.84,54277.78,53306.83,54161.34,2579.3
1616486400000,54166.12,54482.81,53821.79,54309.24,2328.0
1616490000000,54309.24,54698.3,54215.24,54607.86,1916.5
1616493600000,54602.43,54865.37,54430.52,54671.06,1862.7
1616497200000,54671.05,54804.98,54060.79,54249.81,2197.0
1616500800000,54249.8,55287.52,54234.96,55110.0,2936.0
1616504400000,55110.0,55450.0,55020.81,55263.36,2692.7
1616508000000,55263.35,55367.34,54744.86,55184.25,2359.4
1616511600000,55185.06,55356.31,54919.72,55165.19,1857.1
1616515200000,55165.2,55760.0,54830.01,55548.52,2642.9
1616518800000,55548.52,55767.01,55401.0,55710.87,2130.6
1616522400000,55705.78,55830.9,55362.18,55364.69,1880.5
1616526000000,55364.68,55541.81,54825.42,55008.46,2847.2
1616529600000,55008.45,55080.16,54318.7,54452.6,2952.9
1616533200000,54453.3,54759.56,54190.1,54646.59,1816.2
1616536800000,54646.58,54906.78,54359.15,54387.91,1981.1
1616540400000,54387.91,54816.01,54299.95,54340.89,1519.8
1616544000000,54342.8,54669.35,53596.32,53688.07,2878.8
1616547600000,53691.25,54588.0,53511.39,54466.36,2069.6
1616551200000,54466.38,54647.87,54350.0,54430.79,1756.5
1616554800000,54430.79,54769.44,54051.35,54350.54,1667.1
1616558400000,54350.54,54580.0,53966.89,54122.07,1650.4
1616562000000,54127.12,54294.82,53783.23,54100.0,2037.8
1616565600000,54100.0,55000.0,53700.0,54662.79,3668.4
1616569200000,54661.64,55612.92,54606.0,55464.2,4769.8
1616572800000,55464.46,56400.13,55452.14,56280.41,4871.6
1616576400000,56280.4,56662.08,56280.4,56404.73,3431.1
1616580000000,56405.11,56592.85,56028.0,56465.75,3062.6
1616583600000,56465.74,56600.54,56256.51,56541.03,1881.6
1616587200000,56536.08,57038.31,56536.08,56900.01,3523.7
1616590800000,56900.0,57200.0,56368.42,56759.91,3226.3
1616594400000,56761.86,56929.99,56450.0,56539.35,2514.8
1616598000000,56539.34,56641.81,56000.0,56298.12,2954.0
1616601600000,56298.12,56422.02,55729.46,55762.89,2997.5
1616605200000,55762.89,56400.0,55570.82,56125.89,2956.2
1616608800000,56125.9,56370.14,55300.0,55378.91,2463.8
1616612400000,55380.64,55571.12,54666.66,54736.53,3623.3
1616616000000,54736.52,54743.38,53202.0,54058.85,7329.5
1616619600000,54058.85,54250.0,53540.05,53749.99,3305.9
1616623200000,53749.99,53749.99,51700.0,52534.03,11193.6
1616626800000,52534.03,52987.87,52300.0,52303.65,3703.7
1616630400000,52303.66,52900.0,52000.0,52626.91,3818.6
1616634000000,52626.91,52768.46,51748.08,51830.21,4295.5
1616637600000,51831.13,52555.0,51500.0,52255.37,4425.2
1616641200000,52255.38,52561.65,51818.84,52122.86,2267.4
1616644800000,52131.51,52518.73,51905.58,52250.97,2280.6
1616648400000,52251.96,52850.0,52135.14,52686.15,2898.6
1616652000000,52686.15,53287.0,52653.81,52975.46,2716.6
1616655600000,52975.46,53130.0,52200.0,52270.71,2325.3
1616659200000,52270.72,52794.66,52101.0,52611.36,2720.8
1616662800000,52611.36,53000.0,52365.0,52944.42,2363.3
1616666400000,52944.95,53067.67,52520.0,52958.0,2287.6
1616670000000,52955.72,53160.85,52134.27,52163.19,3108.3
1616673600000,52163.2,52408.64,50438.88,51076.92,10807.7
1616677200000,51076.93,51976.95,50427.56,51653.76,6586.3
1616680800000,51649.9,52066.21,51046.4,51296.96,4571.0
1616684400000,51296.96,51521.68,50620.0,50996.15,5364.3
1616688000000,50996.15,51700.0,50550.0,51306.95,5642.9
1616691600000,51303.96,51811.13,51102.45,51620.6,2738.1
1616695200000,51620.61,52532.0,51500.0,52236.72,3466.1
1616698800000,52225.0,52300.0,51619.72,52195.19,2450.6
1616702400000,52195.19,52700.0,51820.0,51980.75,2724.3
1616706000000,51981.6,52575.39,51937.19,52437.1,1473.7
1616709600000,52437.21,52720.24,51578.93,51741.6,3342.1
1616713200000,51734.03,52048.41,51220.72,51293.78,2725.8
1616716800000,51293.78,52258.47,51214.6,52083.14,3107.2
1616720400000,52083.13,52350.0,51966.66,52255.41,2051.4
1616724000000,52255.41,52364.87,51551.0,51696.7,2151.7
1616727600000,51696.7,52723.68,51696.7,52407.19,2341.4
1616731200000,52407.19,52774.71,52172.34,52693.13,1990.7
1616734800000,52693.13,52899.01,52500.86,52825.67,2442.4
1616738400000,52822.29,52883.09,52462.16,52582.45,1853.4
1616742000000,52582.44,53600.9,52400.86,53569.85,4262.2
1616745600000,53569.24,53826.48,53164.34,53365.17,4277.0
1616749200000,53365.17,53600.0,53205.29,53331.62,2018.8
1616752800000,53331.62,53579.98,53169.0,53378.06,1879.1
1616756400000,53378.06,53450.0,52570.0,52710.96,4910.2
1616760000000,52710.95,53242.96,52508.19,53001.57,2859.9
1616763600000,53001.57,53325.35,52731.49,53316.82,2320.6
1616767200000,53316.81,53500.0,53108.36,53414.09,2174.4
1616770800000,53414.1,53542.0,53210.01,53308.27,2174.2
1616774400000,53315.54,54060.24,52888.81,53776.05,4853.6
1616778000000,53776.14,53908.2,53500.0,53823.98,2110.3
1616781600000,53826.34,53913.79,53463.49,53682.52,2058.3
1616785200000,53682.51,53813.9,53528.35,53778.55,1472.1
1616788800000,53773.38,54270.53,53773.38,53960.0,3098.8
1616792400000,53960.0,54599.66,53950.16,54574.41,2342.5
1616796000000,54574.4,54773.0,54329.79,54383.14,2638.5
1616799600000,54383.15,55073.46,54292.0,55025.59,2424.9
1616803200000,55025.59,55555.0,54716.31,54745.38,3813.3
1616806800000,54745.37,54972.32,54558.67,54682.64,2538.8
1616810400000,54682.64,54886.51,54495.12,54745.0,1288.0
1616814000000,54745.01,54838.98,54560.51,54760.97,983.7
1616817600000,54759.96,55236.76,54660.11,54944.72,1853.1
1616821200000,54944.72,55378.7,54698.28,55177.81,1819.7
1616824800000,55177.89,55283.65,54957.43,55027.16,1532.8
1616828400000,55027.16,55088.14,54733.65,54950.28,1643.4
1616832000000,54950.27,55146.23,54641.63,54925.06,1774.1
1616835600000,54925.05,55030.24,54781.64,55013.42,1104.1
1616839200000,55013.42,55105.85,54672.98,54680.0,1823.4
1616842800000,54680.01,54814.89,54311.6,54442.89,2715.1
1616846400000,54442.89,54592.97,53950.0,54291.28,3025.9
1616850000000,54291.29,54847.47,54066.42,54735.64,1817.7
1616853600000,54735.64,54745.81,54376.08,54630.06,1515.5
1616857200000,54630.06,55041.79,54501.29,54961.85,1871.2
1616860800000,54961.85,56220.0,54949.27,56167.46,4967.8
1616864400000,56163.52,56271.0,55838.73,56084.74,2789.0
1616868000000,56081.46,56086.0,55556.0,55728.93,1829.8
1616871600000,55728.92,55900.0,55621.0,55765.01,1160.1
1616875200000,55765.01,55900.01,55680.68,55858.74,1197.8
1616878800000,55858.73,56700.36,55675.0,56433.17,3146.2
1616882400000,56433.17,56605.93,56024.67,56370.94,2002.3
1616886000000,56373.5,56440.0,55730.0,55817.14,1892.8
1616889600000,55817.14,56200.0,55572.0,56020.28,2235.5
1616893200000,56020.29,56182.88,55720.0,56068.69,1365.8
1616896800000,56068.69,56113.08,55742.94,55804.92,1407.0
1616900400000,55804.92,56161.67,55738.17,56052.05,1153.9
1616904000000,56052.52,56496.0,56052.52,56272.49,1608.6
1616907600000,56272.49,56407.86,56104.49,56269.49,965.5
1616911200000,56264.9,56319.56,55831.43,55935.61,1197.0
1616914800000,55935.61,56400.01,55865.62,56200.66,1269.2
1616918400000,56200.66,56300.0,55976.99,56296.57,1089.7
1616922000000,56296.57,56559.75,56026.19,56114.95,1703.6
1616925600000,56117.75,56181.83,55683.56,56085.93,1817.7
1616929200000,56085.93,56085.94,55777.0,55787.03,1395.4
1616932800000,55787.02,56000.0,55291.13,55525.24,2202.1
1616936400000,55525.25,55895.65,55461.01,55750.0,1325.2
1616940000000,55750.0,55842.5,55500.25,55800.0,1498.6
1616943600000,55800.0,56375.19,55654.1,56354.35,2105.3
1616947200000,56356.98,56490.0,56016.12,56275.59,2003.5
1616950800000,56275.59,56325.68,55803.19,55967.73,1986.6
1616954400000,55967.73,56000.0,55159.17,55192.08,2296.1
1616958000000,55192.08,55414.01,54691.84,55208.69,3037.6
1616961600000,55208.7,55210.47,54743.18,54860.0,1697.2
1616965200000,54859.99,55370.45,54819.4,55140.01,1060.8
1616968800000,55140.01,55655.53,55000.0,55600.01,1412.7
1616972400000,55600.01,55884.4,55511.8,55777.63,1215.7
1616976000000,55777.65,56013.76,55290.0,55409.67,2071.0
1616979600000,55409.68,55500.0,54977.8,55241.28,1598.3
1616983200000,55241.29,55515.36,55151.26,55349.99,1797.4
1616986800000,55354.67,55554.4,55276.51,55371.6,1157.9
1616990400000,55371.61,55522.0,55107.08,55315.01,1701.2
1616994000000,55315.01,55425.26,54848.98,55048.8,2153.1
1616997600000,55048.8,55656.64,54800.01,55401.26,2624.4
1617001200000,55401.26,56167.37,55358.94,55911.99,2920.3
1617004800000,55911.99,57230.0,55911.99,57126.15,4953.2
1617008400000,57129.58,58225.0,56966.54,57922.2,6364.4
1617012000000,57922.2,58350.0,57777.87,58024.51,4216.2
1617015600000,58024.5,58100.0,57609.81,57854.32,3166.1
1617019200000,57854.14,58405.82,57792.05,58035.18,3524.6
1617022800000,58035.19,58200.0,57808.8,57960.17,2105.2
1617026400000,57960.65,58174.24,57837.83,58130.06,3009.3
1617030000000,58130.05,58182.13,57267.98,57719.74,6372.2
1617033600000,57719.74,57845.0,57170.0,57624.77,3104.8
1617037200000,57622.63,58290.0,57571.42,57924.69,3251.7
1617040800000,57924.69,58021.19,57561.22,57819.99,2358.4
1617044400000,57820.0,57870.01,57317.02,57676.42,2131.8
1617048000000,57676.41,57733.95,57103.43,57277.13,2539.8
1617051600000,57281.79,57641.47,57160.0,57547.6,1773.7
1617055200000,57547.6,57900.0,57478.74,57747.01,1508.9
1617058800000,57747.0,57782.2,57297.31,57635.47,1454.1
1617062400000,57635.46,57769.01,57405.23,57520.41,1518.9
1617066000000,57520.41,57612.4,57259.48,57439.67,2383.2
1617069600000,57439.67,57450.0,57175.02,57322.02,1655.6
1617073200000,57322.84,57391.74,57117.36,57181.33,1542.7
1617076800000,57181.33,57839.16,57071.35,57567.01,2296.1
1617080400000,57567.01,57692.97,57369.5,57670.13,1700.3
1617084000000,57670.14,58277.0,57505.49,58056.0,2326.6
1617087600000,58056.01,58272.6,57938.38,58116.17,2286.4
1617091200000,58116.16,58200.0,57726.72,57940.0,2180.5
1617094800000,57940.0,58923.26,57842.82,58873.91,4935.5
1617098400000,58873.91,59335.0,58625.0,58842.87,5932.5
1617102000000,58842.87,59246.93,58837.6,59240.34,2607.6
1617105600000,59240.33,59368.0,59015.32,59112.81,2817.3
1617109200000,59112.81,59265.18,58819.19,58890.01,3403.9
1617112800000,58890.01,58999.14,58626.92,58865.9,2524.1
1617116400000,58865.9,58948.4,58500.0,58526.42,2265.3
1617120000000,58526.43,58825.0,58470.0,58698.26,2018.9
1617123600000,58698.26,58888.0,58656.71,58700.0,1371.6
1617127200000,58699.99,59107.84,58699.99,58853.02,1917.0
1617130800000,58853.02,59060.0,58700.0,59060.0,1508.3
1617134400000,59060.0,59086.65,58380.02,58627.0,2549.0
1617138000000,58627.0,58840.0,58542.18,58722.88,833.3
1617141600000,58722.89,58900.0,58615.0,58682.41,1112.3
1617145200000,58682.41,58769.96,58531.7,58746.57,1435.5
1617148800000,58746.57,59015.0,58631.65,58991.52,1856.7
1617152400000,58991.52,59050.0,58799.81,58885.76,1462.5
1617156000000,58885.76,58913.74,58638.0,58646.12,1675.5
1617159600000,58646.11,58714.28,58369.0,58608.63,2120.5
1617163200000,58608.62,58779.63,58476.81,58716.86,1677.4
1617166800000,58716.87,58719.0,58550.0,58710.95,1450.8
1617170400000,58710.96,59800.0,58651.08,59687.56,3882.8
1617174000000,59687.56,59800.0,57500.18,58173.83,4724.4
1617177600000,58173.82,58275.45,56769.0,57975.33,6030.9
1617181200000,57983.77,58263.87,57697.22,57959.05,2145.3
1617184800000,57959.05,58088.66,57254.9,57718.44,2719.5
1617188400000,57718.44,58137.01,57630.63,58015.02,1758.4
1617192000000,58015.02,58326.01,57641.06,58159.98,2438.5
1617195600000,58159.99,58813.1,58059.02,58598.55,2612.0
1617199200000,58598.55,58783.63,58370.2,58588.16,1701.2
1617202800000,58588.15,59430.54,58586.73,59304.75,3850.2
1617206400000,59304.76,59648.52,58782.8,59000.0,3236.8
1617210000000,58999.99,59269.03,58880.0,59251.99,2257.7
1617213600000,59251.99,59585.61,59165.85,59299.45,2328.8
1617217200000,59304.45,59567.28,58453.3,58553.12,3276.3
1617220800000,58553.12,59087.0,58328.55,58934.6,3283.2
1617224400000,58935.1,59289.45,58700.0,58940.5,1671.2
1617228000000,58940.5,59009.85,58558.0,58621.94,1447.6
1617231600000,58621.94,58895.2,58540.0,58740.55,1367.5
1617235200000,58739.46,59240.07,58720.82,59221.95,1834.7
1617238800000,59221.95,59314.53,58931.43,59143.72,1518.7
1617242400000,59139.74,59309.44,59014.9,59086.99,1220.3
1617246000000,59086.99,59165.28,58941.56,59119.02,1307.4
1617249600000,59119.02,59232.59,58622.0,58869.99,1695.2
1617253200000,58869.99,58970.0,58660.65,58764.79,1547.2
1617256800000,58764.79,59032.34,58659.02,58731.61,1408.5
1617260400000,58734.41,58937.37,58500.2,58817.77,2069.4
1617264000000,58817.78,59490.0,58564.0,58839.7,3323.2
1617267600000,58839.7,59256.42,58722.01,58820.19,2131.3
1617271200000,58820.19,58974.34,58500.0,58630.99,2801.3
1617274800000,58628.86,58695.99,58115.0,58584.32,3703.9
1617278400000,58584.32,58740.86,58375.0,58730.06,1872.1
1617282000000,58730.07,59111.74,58712.0,58930.34,2362.8
1617285600000,58930.34,59088.0,58771.17,58999.86,1974.2
1617289200000,58999.86,59263.3,58935.0,58974.65,2198.5
1617292800000,58974.66,59146.77,58646.0,58754.87,2114.6
1617296400000,58754.87,58850.62,58317.33,58501.63,2095.0
1617300000000,58501.63,58824.16,57935.45,58716.56,3236.4
1617303600000,58716.56,58953.24,58599.67,58918.99,1713.9
1617307200000,58918.99,59033.0,58621.59,58854.75,1688.1
1617310800000,58854.75,58936.15,58544.16,58760.67,955.1
1617314400000,58760.68,59054.72,58524.7,59007.28,1328.6
1617318000000,59007.29,59069.74,58700.0,58720.44,1315.1
1617321600000,58720.45,58885.93,58455.1,58648.62,1936.8
1617325200000,58648.62,59029.0,58633.87,58891.26,1785.6
1617328800000,58891.25,60200.0,58842.28,59718.72,7510.6
1617332400000,59718.09,60036.76,59567.26,59869.79,2729.7
1617336000000,59869.79,59997.0,59425.03,59562.12,1828.8
1617339600000,59562.12,59688.08,59381.04,59554.69,1564.6
1617343200000,59554.68,59649.33,59307.35,59527.58,1673.6
1617346800000,59527.58,59741.65,59417.63,59417.63,1750.2
1617350400000,59421.21,59645.19,59414.46,59483.5,1526.5
1617354000000,59483.5,59685.0,59218.0,59621.01,1775.7
1617357600000,59621.02,59659.09,59449.0,59597.49,1164.6
1617361200000,59597.48,59660.3,59406.18,59542.78,1132.5
1617364800000,59542.78,59600.0,59203.77,59491.3,1690.8
1617368400000,59491.3,59516.63,58827.66,59204.99,2231.9
1617372000000,59205.0,59382.66,59050.0,59363.17,2251.3
1617375600000,59357.65,59624.86,59340.01,59480.06,2034.3
1617379200000,59480.06,59600.0,59152.57,59270.47,1840.2
1617382800000,59270.46,59274.27,59082.0,59180.02,1509.1
1617386400000,59180.02,59280.45,59000.0,59087.7,1182.3
1617390000000,59087.71,59087.71,58525.01,58850.0,2861.2
1617393600000,58850.0,58948.0,58568.63,58670.64,1457.1
1617397200000,58670.65,58883.19,58428.57,58739.13,1396.2
1617400800000,58739.12,58927.03,58639.17,58816.21,1037.8
1617404400000,58816.21,59219.0,58733.97,58950.01,1511.1
1617408000000,58950.01,59450.08,58931.3,59387.13,1706.9
1617411600000,59387.13,59391.76,59003.0,59254.98,1295.4
1617415200000,59254.98,59410.15,59124.32,59408.2,1232.4
1617418800000,59408.2,59430.0,59153.16,59221.53,944.7
1617422400000,59221.52,59463.17,59191.98,59394.92,1092.6
1617426000000,59394.93,59531.74,59319.93,59466.37,1151.5
1617429600000,59466.38,59525.0,59180.0,59410.96,1413.4
1617433200000,59410.95,59438.59,59275.0,59298.85,1481.5
1617436800000,59301.8,59791.72,58750.96,59028.65,3132.0
1617440400000,59028.65,59437.91,58814.28,59423.9,1553.9
1617444000000,59423.9,59700.0,59338.14,59338.14,1874.8
1617447600000,59339.85,59461.28,59194.0,59255.02,1336.0
1617451200000,59256.07,59415.04,59124.83,59254.76,1259.3
1617454800000,59254.75,59454.83,59156.4,59414.8,1291.2
1617458400000,59414.8,59454.71,59119.0,59144.38,1801.3
1617462000000,59146.38,59248.18,58800.0,58829.99,2429.3
1617465600000,58829.99,59143.71,58600.0,58809.74,2625.3
1617469200000,58809.74,58811.14,58177.77,58210.13,3433.1
1617472800000,58208.33,58483.9,57707.7,58455.36,3619.8
1617476400000,58455.36,58748.76,58160.34,58597.04,1923.1
1617480000000,58597.04,58597.04,57851.28,58054.15,1767.5
1617483600000,58054.16,58262.3,57500.0,57631.28,2312.7
1617487200000,57631.28,57784.19,57088.27,57556.75,3075.5
1617490800000,57556.76,57800.0,56880.0,57051.94,3656.8
1617494400000,57051.95,57269.92,56507.91,56600.0,3651.5
1617498000000,56600.0,57153.74,56388.0,56933.46,3526.3
1617501600000,56933.47,57551.0,56933.46,57363.48,1864.8
1617505200000,57363.48,57583.32,57200.0,57492.42,1419.3
1617508800000,57492.42,57723.48,57380.95,57547.52,1331.3
1617512400000,57547.52,57650.0,57290.0,57477.08,1166.2
1617516000000,57473.71,57548.28,57139.02,57439.98,1313.0
1617519600000,57439.97,57614.53,57248.79,57614.52,1413.1
1617523200000,57614.52,57688.92,57402.3,57429.84,1354.9
1617526800000,57429.84,57700.0,57429.84,57686.35,1511.3
1617530400000,57686.36,57787.79,57525.99,57708.05,1421.0
1617534000000,57708.05,57766.79,57033.85,57275.55,1616.4
1617537600000,57278.23,58000.0,57000.0,57755.08,2218.7
1617541200000,57755.07,58166.46,57754.61,58128.14,1993.9
1617544800000,58128.15,58300.0,58010.41,58130.99,1653.3
1617548400000,58130.98,58492.85,57703.49,57918.11,2938.6
1617552000000,57918.11,58097.54,57684.29,58030.89,2131.6
1617555600000,58030.89,58280.0,58030.88,58179.03,1402.2
1617559200000,58179.03,58263.33,57959.3,58102.92,1238.8
1617562800000,58102.91,58184.01,57758.34,57953.86,1550.1
1617566400000,57953.86,58051.25,57826.16,58025.11,1240.2
1617570000000,58025.11,58184.0,57976.73,58116.69,987.4
1617573600000,58116.69,58199.15,57886.15,58129.22,1349.5
1617577200000,58129.22,58300.0,58106.78,58202.01,1020.5
1617580800000,58202.01,58387.35,57890.97,57908.13,2110.9
1617584400000,57908.14,57913.01,57638.33,57787.88,1850.5
1617588000000,57787.88,57816.32,57427.98,57595.45,1664.4
1617591600000,57595.44,57723.64,57320.0,57467.12,1655.2
1617595200000,57467.12,57618.0,57272.05,57284.99,1933.8
1617598800000,57285.19,57368.53,56855.55,56897.45,2536.4
1617602400000,56897.45,57316.74,56790.57,57143.59,2513.6
1617606000000,57143.59,57371.42,56947.64,57250.0,1971.3
1617609600000,57250.0,57346.8,56777.77,57149.25,1865.6
1617613200000,57149.25,57550.0,56980.0,57539.15,1987.8
1617616800000,57539.14,57718.53,57324.77,57668.98,1667.4
1617620400000,57668.98,57766.84,57507.69,57756.36,1986.4
1617624000000,57756.36,58124.67,57754.67,57959.23,2666.6
1617627600000,57959.22,58116.63,57746.74,58113.06,2510.5
1617631200000,58113.07,59175.01,58113.06,59170.68,4931.3
1617634800000,59173.64,59272.0,58850.0,59018.29,3402.2
1617638400000,59020.0,59240.0,58853.14,58983.51,3483.5
1617642000000,58983.51,59078.69,58610.0,58954.6,2683.1
1617645600000,58954.6,59032.99,58732.08,58876.29,1600.9
1617649200000,58876.3,59089.4,58800.0,59005.2,1834.3
1617652800000,59005.21,59100.0,58737.7,58770.61,2148.1
1617656400000,58773.16,58880.0,58479.59,58664.04,1663.7
1617660000000,58664.04,58967.0,58664.04,58877.18,1717.5
1617663600000,58877.18,59130.0,58533.1,59129.99,1873.1
1617667200000,59129.99,59479.0,59043.47,59356.23,3279.2
1617670800000,59356.23,59495.24,58728.1,58800.01,2467.9
1617674400000,58800.02,58868.96,58635.72,58745.27,1448.8
1617678000000,58745.28,58947.35,58600.0,58608.7,1203.3
1617681600000,58610.19,58894.05,58601.87,58794.93,1716.4
1617685200000,58794.94,59031.66,58755.56,58867.32,1359.2
1617688800000,58867.31,58969.01,58618.0,58843.53,1690.6
1617692400000,58843.52,58928.23,58349.0,58576.59,2311.4
1617696000000,58576.59,59000.0,58300.0,58487.37,3332.7
1617699600000,58487.38,58747.74,58419.75,58685.53,1787.1
1617703200000,58681.85,58752.93,58333.02,58365.0,2565.7
1617706800000,58365.0,58720.0,58325.08,58541.34,2278.8
1617710400000,58541.34,58998.0,58442.89,58471.92,3288.8
1617714000000,58471.93,58677.91,58342.0,58414.29,2445.7
1617717600000,58414.29,58414.3,57413.02,57949.27,6536.6
1617721200000,57949.27,58085.4,57622.0,57818.53,2532.0
1617724800000,57818.54,58188.88,57722.23,58077.51,2469.9
1617728400000,58077.51,58271.66,58000.0,58247.17,1774.7
1617732000000,58247.17,58267.45,57996.01,58238.78,1505.8
1617735600000,58238.78,58282.12,57996.0,58225.0,1655.4
1617739200000,58225.01,58311.91,57999.99,58211.84,1503.2
1617742800000,58211.85,58225.95,57555.0,57860.63,1961.9
1617746400000,57860.63,58040.34,57483.71,57887.24,1660.7
1617750000000,57887.24,58163.0,57832.34,57991.15,1425.2
1617753600000,57990.03,58200.01,57500.53,57639.29,2428.0
1617757200000,57639.29,57685.99,57161.86,57510.84,2542.1
1617760800000,57510.84,57926.82,57475.86,57784.7,1604.5
1617764400000,57784.7,58124.75,57677.68,57922.75,1594.9
1617768000000,57922.74,57975.73,57268.0,57645.61,2883.9
1617771600000,57645.61,58317.06,57540.91,58285.99,2754.9
1617775200000,58286.0,58655.0,57877.74,58059.53,3465.4
1617778800000,58059.53,58093.01,57420.0,57850.57,3165.1
1617782400000,57850.57,57938.77,57438.79,57749.03,2452.5
1617786000000,57749.02,57820.01,57000.0,57466.61,4550.3
1617789600000,57466.61,57610.6,56600.0,56787.52,3548.9
1617793200000,56787.51,57195.0,55700.0,56320.47,8173.4
1617796800000,56320.47,56659.12,55612.0,56463.22,5088.8
1617800400000,56463.23,56816.72,56335.45,56756.66,3705.2
1617804000000,56753.13,56937.15,56571.44,56660.0,2747.7
1617807600000,56660.0,56870.0,56275.0,56451.45,2486.2
1617811200000,56451.46,56850.0,56170.51,56587.44,3262.6
1617814800000,56587.44,56659.26,55972.33,56050.54,2938.1
1617818400000,56054.22,56456.0,55827.7,55859.13,2354.9
1617822000000,55859.13,56153.83,55473.0,56153.83,3776.2
1617825600000,56153.84,56250.0,55717.15,56249.99,1716.4
1617829200000,56250.0,56374.25,56071.99,56205.73,1261.3
1617832800000,56205.73,56560.29,56108.6,56452.88,1353.7
1617836400000,56452.89,56570.24,55865.11,55953.45,1373.5
1617840000000,55953.44,56520.0,55700.0,56429.2,2093.5
1617843600000,56429.58,56700.0,56242.92,56504.14,1494.4
1617847200000,56504.13,56541.78,56200.3,56497.45,1474.0
1617850800000,56497.44,56654.14,56263.8,56540.62,1443.1
1617854400000,56540.62,57096.46,56529.78,56920.01,2321.5
1617858000000,56920.0,57073.27,56800.0,56871.9,1595.6
1617861600000,56871.89,57280.0,56841.85,57125.99,1942.7
1617865200000,57125.98,57333.85,56995.0,57025.71,1839.2
1617868800000,57023.63,57267.49,56769.22,56893.04,1680.8
1617872400000,56893.05,57043.99,56600.0,56676.26,1661.3
1617876000000,56676.25,56844.87,56416.63,56738.09,2164.8
1617879600000,56738.09,56767.0,56330.77,56421.18,2060.7
1617883200000,56421.17,57556.0,56311.77,57472.09,3327.1
1617886800000,57472.08,57710.66,57256.81,57437.92,2879.7
1617890400000,57437.93,57912.02,57350.93,57688.36,2848.4
1617894000000,57688.37,57900.0,57549.62,57768.13,1894.4
1617897600000,57769.0,58000.0,57622.09,57722.47,2223.5
1617901200000,57722.59,57813.28,57538.52,57749.09,1280.5
1617904800000,57749.09,58153.31,57682.01,57899.98,1904.3
1617908400000,57899.98,58000.0,57617.04,57734.94,1320.7
1617912000000,57732.53,57824.49,57575.34,57674.17,1374.9
1617915600000,57674.18,57750.0,57449.04,57669.7,1033.4
1617919200000,57669.69,58100.0,57569.8,57916.29,1330.1
1617922800000,57916.3,58099.27,57729.63,58077.52,1094.4
1617926400000,58077.52,58389.0,58032.01,58301.72,1654.3
1617930000000,58301.72,58419.45,57933.56,57978.35,1326.5
1617933600000,57978.34,58177.02,57850.0,57903.35,1275.1
1617937200000,57903.35,58167.76,57806.03,57985.71,979.3
1617940800000,57985.71,58200.0,57971.06,58192.77,1219.5
1617944400000,58192.76,58314.0,57947.66,57947.67,1277.4
1617948000000,57947.67,58100.94,57809.38,57830.0,1445.8
1617951600000,57830.81,58062.88,57654.0,58051.42,1704.0
1617955200000,58048.7,58061.48,57669.58,57740.13,1675.4
1617958800000,57740.12,57935.94,57740.12,57911.45,1569.3
1617962400000,57911.44,58650.0,57857.95,58633.03,3251.1
1617966000000,58633.02,58894.9,58450.8,58527.19,2951.5
1617969600000,58527.2,58700.0,58350.0,58504.18,2290.1
1617973200000,58504.18,58783.47,58304.54,58390.15,2509.5
1617976800000,58390.16,58530.0,58024.0,58358.48,2593.2
1617980400000,58358.49,58369.63,58051.0,58240.0,1701.0
1617984000000,58239.99,58291.04,57870.57,58207.56,2274.3
1617987600000,58207.56,58447.89,58080.57,58405.08,1407.4
1617991200000,58405.02,58528.0,58240.35,58381.84,1390.5
1617994800000,58381.85,58499.0,58208.33,58370.59,1288.3
1617998400000,58370.59,58600.0,58263.47,58331.66,1388.2
1618002000000,58331.65,58514.07,58310.97,58361.24,888.5
1618005600000,58361.24,58361.24,58025.0,58086.38,1284.1
1618009200000,58086.37,58181.39,57873.31,58142.54,1487.5
1618012800000,58142.55,58327.9,57900.01,58109.08,1547.1
1618016400000,58109.08,58435.72,58072.92,58413.52,1476.4
1618020000000,58414.98,58733.0,58334.82,58721.55,1680.4
1618023600000,58721.22,59238.27,58707.1,59229.5,4519.5
1618027200000,59229.5,61232.83,59229.5,61074.09,11794.1
1618030800000,61074.09,61500.0,60663.1,60851.92,5998.8
1618034400000,60851.91,61050.0,60521.01,60576.8,2869.4
1618038000000,60576.8,60816.9,60333.0,60480.4,3925.5
1618041600000,60480.4,60821.58,60338.54,60534.89,2426.4
1618045200000,60534.89,60803.0,60452.65,60772.73,1891.5
1618048800000,60772.73,60997.18,60515.88,60659.02,1957.6
1618052400000,60659.02,60723.38,60500.0,60575.94,1553.7
1618056000000,60575.94,60800.0,59811.74,60088.62,3523.3
1618059600000,60088.61,60490.0,59981.06,60465.89,2381.2
1618063200000,60465.88,60499.0,60255.0,60398.19,2006.9
1618066800000,60398.19,60465.94,60106.85,60247.26,2082.2
1618070400000,60247.26,60550.0,60116.14,60265.0,2397.7
1618074000000,60265.0,60265.0,59920.86,60100.48,2358.9
1618077600000,60100.48,60115.82,59572.64,60020.0,2460.2
1618081200000,60020.0,60020.01,59550.0,59567.38,1490.8
1618084800000,59567.38,59800.0,58374.61,58615.28,3793.8
1618088400000,58619.72,59256.36,58485.84,59161.03,2360.1
1618092000000,59161.04,59399.84,59013.79,59029.17,1603.6
1618095600000,59029.17,59842.63,59008.39,59769.13,1807.2
1618099200000,59769.13,60429.56,59544.94,60148.5,3267.6
1618102800000,60148.5,60600.0,60036.58,60594.67,1914.4
1618106400000,60594.67,60594.68,60262.53,60509.7,1210.2
1618110000000,60509.7,60699.0,60202.69,60268.58,1441.3
1618113600000,60268.58,60328.0,59777.77,59906.6,1697.5
1618117200000,59906.59,60012.05,59535.52,59679.97,2572.8
1618120800000,59679.96,59909.68,59339.83,59735.0,2046.9
1618124400000,59735.01,59790.15,59400.0,59655.49,1192.6
1618128000000,59655.5,60144.7,59655.49,59961.81,1433.6
1618131600000,59961.81,60045.0,59455.09,59676.2,1743.4
1618135200000,59676.2,59950.81,59500.0,59599.99,1608.4
1618138800000,59600.0,59860.87,59450.0,59721.84,1669.7
1618142400000,59721.85,59844.0,59449.93,59724.45,1722.8
1618146000000,59724.44,59746.0,59232.52,59340.55,1816.7
1618149600000,59340.54,59664.98,59250.0,59570.77,1626.8
1618153200000,59573.36,59780.06,59558.0,59645.46,1515.9
1618156800000,59645.45,59785.37,59480.0,59569.4,1802.1
1618160400000,59569.41,59975.95,59405.18,59864.39,2132.3
1618164000000,59864.39,59948.89,59758.63,59865.0,1184.0
1618167600000,59865.01,60190.0,59557.13,59705.53,1932.4
1618171200000,59705.53,59820.0,59479.0,59707.8,1158.9
1618174800000,59707.79,59707.81,59488.57,59610.72,967.3
1618178400000,59610.72,60130.57,59433.29,60101.68,2000.6
1618182000000,60101.68,60107.96,59760.0,60002.43,1498.5
1618185600000,59998.8,60355.0,59605.0,59830.28,1825.0
1618189200000,59830.28,60147.9,59800.0,59865.36,1521.3
1618192800000,59865.36,59922.88,59586.01,59694.25,1268.1
1618196400000,59694.26,60456.29,59665.0,60368.96,2098.6
1618200000000,60368.95,60607.0,60056.0,60126.54,2502.2
1618203600000,60126.54,60287.19,60020.0,60207.01,1552.5
1618207200000,60207.01,60842.92,60101.19,60826.66,2659.9
1618210800000,60829.68,61300.0,60636.59,60711.01,4818.5
1618214400000,60711.0,60840.57,60536.35,60694.42,2470.5
1618218000000,60694.42,60878.25,59651.0,59992.22,4139.1
1618221600000,59992.22,60277.76,59350.59,59776.71,4161.9
1618225200000,59776.71,60269.02,59727.45,60241.5,2995.4
1618228800000,60241.5,60564.19,60151.03,60421.84,2578.5
1618232400000,60421.84,60584.28,60280.0,60304.69,2386.6
1618236000000,60301.04,60345.5,59873.04,59888.44,2994.8
1618239600000,59888.45,60129.43,59610.96,59986.83,3077.1
1618243200000,59986.82,60112.36,59703.02,59972.5,2692.0
1618246800000,59972.5,59972.5,59725.35,59749.4,1724.6
1618250400000,59749.41,60018.0,59680.9,59988.95,1312.9
1618254000000,59988.94,60223.0,59881.28,60090.41,1331.6
1618257600000,60090.42,60241.32,59922.22,60049.92,1697.7
1618261200000,60049.92,60073.8,59759.05,59992.53,1349.3
1618264800000,59992.53,60072.3,59850.0,60044.75,1418.2
1618268400000,60044.75,60100.0,59859.06,59860.0,1798.6
1618272000000,59860.01,60473.0,59805.15,60452.35,2540.4
1618275600000,60452.35,60780.26,60215.0,60641.13,3057.6
1618279200000,60641.13,60951.27,60571.42,60829.01,3023.5
1618282800000,60829.01,61100.0,60435.28,60493.43,3358.7
1618286400000,60493.43,60650.0,60330.74,60585.4,2385.7
1618290000000,60585.4,60814.16,60470.0,60668.74,1937.1
1618293600000,60668.74,61415.5,60450.25,60719.86,5124.4
1618297200000,60719.86,61190.0,60582.21,61050.99,2717.2
1618300800000,61050.99,62878.0,61046.45,62711.51,11272.9
1618304400000,62711.51,63287.88,62300.88,62924.24,6333.6
1618308000000,62924.23,63100.0,62458.0,62745.56,4400.8
1618311600000,62745.56,63093.82,62500.0,62942.21,3337.0
1618315200000,62942.21,63260.0,62790.85,62973.25,4125.9
1618318800000,62973.24,63019.97,62500.0,62787.35,4190.3
1618322400000,62787.36,63031.34,62595.66,62920.99,2414.1
1618326000000,62921.0,63657.86,62740.0,63331.83,4259.1
1618329600000,63331.83,63777.77,62988.0,63150.79,4000.9
1618333200000,63150.79,63364.75,63026.46,63332.85,2346.3
1618336800000,63328.84,63548.7,62550.0,62641.77,3188.9
1618340400000,62641.77,63046.13,62530.0,62997.02,2382.8
1618344000000,62997.02,63210.0,62842.99,63167.72,1589.7
1618347600000,63167.72,63320.0,62859.43,63139.99,1361.0
1618351200000,63139.97,63300.0,62867.02,63238.81,1618.5
1618354800000,63238.81,63666.0,63200.0,63575.0,1882.2
1618358400000,63575.01,63869.99,63208.97,63315.03,2542.5
1618362000000,63315.03,63484.16,63082.0,63446.84,2449.7
1618365600000,63446.84,63459.53,63088.5,63208.66,1716.0
1618369200000,63208.64,63865.0,63063.32,63749.19,2653.4
1618372800000,63749.19,64280.0,63605.85,64268.97,3136.6
1618376400000,64268.97,64720.0,63890.54,64038.49,4224.6
1618380000000,64038.48,64854.0,63915.0,64577.26,4208.0
1618383600000,64577.25,64655.0,64280.0,64288.8,2682.6
1618387200000,64288.8,64565.54,63368.0,63928.57,3931.3
1618390800000,63928.58,64165.0,63012.84,63568.42,4808.8
1618394400000,63568.41,64151.97,63431.98,64099.99,3544.0
1618398000000,64100.0,64787.98,64084.64,64511.21,3597.7
1618401600000,64509.48,64640.58,63631.58,63871.42,3852.3
1618405200000,63871.41,64466.66,63597.23,63772.67,3584.1
1618408800000,63777.69,63782.09,62550.0,62996.12,5974.1
1618412400000,62997.9,63383.0,62345.67,63045.02,4378.4
1618416000000,63045.03,63680.0,62800.0,63484.79,3756.5
1618419600000,63484.79,63764.62,62231.49,62250.14,3905.7
1618423200000,62250.14,62697.53,61568.0,62119.26,5025.1
1618426800000,62119.26,62496.45,61301.0,62150.04,4727.1
1618430400000,62150.03,62479.08,61873.51,62397.39,1987.5
1618434000000,62397.39,62838.18,62363.5,62773.65,2128.2
1618437600000,62773.65,63048.82,62550.0,62842.13,1933.0
1618441200000,62842.13,63062.38,62580.37,62959.53,1869.2
1618444800000,62959.53,63491.45,62705.0,62705.01,2533.7
1618448400000,62705.0,63171.87,62610.49,62660.02,1976.2
1618452000000,62660.01,63075.0,62333.55,62821.63,1936.0
1618455600000,62821.64,63243.64,62660.01,63056.61,1956.3
1618459200000,63056.62,63460.22,62892.49,62950.08,1921.0
1618462800000,62950.11,63288.87,62706.4,63109.5,1667.5
1618466400000,63109.49,63299.0,62721.16,62936.19,1782.4
1618470000000,62936.18,63200.0,62751.36,62842.56,1956.6
1618473600000,62842.56,63137.92,62501.14,62615.33,2158.8
1618477200000,62615.32,62829.36,62492.46,62615.42,1958.7
1618480800000,62615.41,62732.78,62151.0,62154.24,2207.5
1618484400000,62159.57,62480.35,62020.0,62361.12,2191.0
1618488000000,62359.11,62737.76,62347.36,62635.71,1747.2
1618491600000,62637.79,63074.05,62604.12,62918.66,2405.4
1618495200000,62918.66,62993.53,62544.78,62627.28,2186.6
1618498800000,62627.28,62763.24,62384.79,62715.18,2173.7
1618502400000,62715.17,62980.0,62470.37,62665.57,2618.7
1618506000000,62665.57,62717.82,62308.0,62581.43,1712.2
1618509600000,62581.42,62840.36,62500.41,62733.84,1710.7
1618513200000,62733.84,63573.02,62726.02,63363.29,4049.5
1618516800000,63363.29,63592.24,63181.37,63350.89,3047.7
1618520400000,63350.88,63800.0,63226.72,63369.5,2038.3
1618524000000,63369.51,63518.22,63179.2,63252.27,2054.3
1618527600000,63252.27,63339.99,62963.78,63159.98,1659.5
1618531200000,63158.74,63520.61,63035.71,63360.0,3006.8
1618534800000,63360.0,63472.41,62684.01,63015.01,4018.3
1618538400000,63015.01,63211.7,62727.62,62830.43,3324.6
1618542000000,62830.42,63200.0,62716.8,62937.91,2834.1
1618545600000,62942.41,62961.81,61500.0,61658.05,5323.8
1618549200000,61658.05,62187.64,61415.4,61799.59,4942.4
1618552800000,61804.04,61804.04,61057.5,61455.69,5328.5
1618556400000,61455.69,61637.96,61025.0,61414.83,3183.2
1618560000000,61414.88,61607.83,61122.0,61191.91,2901.9
1618563600000,61193.23,61264.46,60400.0,60643.79,5366.0
1618567200000,60643.8,60969.5,60240.0,60247.54,4291.5
1618570800000,60247.53,60880.0,60000.0,60853.81,5641.6
1618574400000,60853.8,61011.22,60523.63,60716.32,4603.0
1618578000000,60716.32,61173.22,60250.0,60546.68,6788.0
1618581600000,60546.67,61460.35,60519.99,61256.63,5610.4
1618585200000,61256.63,61627.0,61093.98,61551.62,3483.2
1618588800000,61551.62,61800.39,61139.9,61722.39,5361.9
1618592400000,61722.39,61848.94,61555.0,61572.03,2701.2
1618596000000,61572.03,61823.74,61105.0,61817.56,2369.5
1618599600000,61817.55,61877.0,61374.6,61713.43,2297.0
1618603200000,61713.42,62000.0,61625.02,61914.7,2395.1
1618606800000,61914.7,62087.98,61720.01,61727.45,1857.3
1618610400000,61727.46,61979.32,61522.46,61547.33,2040.1
1618614000000,61547.32,61663.75,61333.0,61334.8,2094.7
1618617600000,61334.81,61740.04,61114.14,61439.99,2750.4
1618621200000,61439.99,62010.0,61439.98,61887.24,2763.9
1618624800000,61887.25,62308.67,61887.25,62164.89,2278.2
1618628400000,62164.89,62506.05,61911.13,62372.27,2461.2
1618632000000,62372.27,62464.38,62090.98,62221.03,2306.6
1618635600000,62221.02,62287.28,61990.77,62159.71,1832.9
1618639200000,62159.71,62181.53,61857.55,62000.75,1683.2
1618642800000,62000.75,62305.0,61950.0,62114.99,1946.5
1618646400000,62114.99,62400.0,62114.99,62399.86,2024.4
1618650000000,62399.87,62458.28,61480.24,61711.29,3209.3
1618653600000,61711.29,61891.33,61258.08,61365.23,2463.6
1618657200000,61365.24,61455.0,60700.55,60886.91,3626.7
1618660800000,60886.93,61089.85,60500.0,61061.52,3670.5
1618664400000,61061.52,61187.0,60369.12,61025.41,3425.9
1618668000000,61025.4,61222.0,60566.79,60610.97,2706.6
1618671600000,60610.97,60655.5,60094.0,60264.66,3568.1
1618675200000,60264.65,60685.51,59842.28,60377.01,3064.5
1618678800000,60377.01,60592.95,59637.12,59705.62,2492.9
1618682400000,59705.62,60525.8,59580.91,60379.99,2711.7
1618686000000,60380.0,60785.0,60379.99,60705.02,1948.0
1618689600000,60705.02,60887.07,60600.6,60802.38,1409.8
1618693200000,60802.38,60955.0,60558.43,60713.98,1442.9
1618696800000,60713.98,60819.95,60354.55,60633.78,1183.6
1618700400000,60633.77,60804.57,59969.98,60006.66,1941.0
1618704000000,60006.67,60499.0,59312.07,59386.59,3718.9
1618707600000,59386.59,59737.31,58955.57,59220.01,4369.0
1618711200000,59220.01,59481.79,58598.8,58804.21,4308.4
1618714800000,58804.21,58984.69,50931.3,55014.46,15734.7
1618718400000,55000.01,56033.92,53924.76,54829.24,12867.1
1618722000000,54854.55,55850.0,54732.39,55569.18,6830.3
1618725600000,55569.18,56381.0,55300.0,55728.66,5883.9
1618729200000,55731.24,56527.04,55716.55,56180.34,4968.8
1618732800000,56184.51,56498.0,54459.56,54953.65,7610.1
1618736400000,54954.85,55294.21,54023.13,54964.61,7417.9
1618740000000,54972.0,55364.11,54517.32,54640.93,4731.0
1618743600000,54640.93,55079.62,53064.66,53308.92,5731.5
1618747200000,53299.32,54999.71,53200.0,54947.24,6205.2
1618750800000,54947.24,55309.34,54620.26,55169.06,4024.6
1618754400000,55169.06,55774.23,55004.11,55135.56,4293.7
1618758000000,55135.56,55574.23,54700.0,55452.45,4241.0
1618761600000,55452.45,55967.66,55232.32,55432.76,4413.0
1618765200000,55432.77,55645.01,54859.75,55150.01,2842.3
1618768800000,55151.12,55685.27,54982.02,55473.86,2277.5
1618772400000,55473.85,55817.54,55286.72,55720.66,2319.0
1618776000000,55720.66,56288.58,55709.86,56179.99,2711.1
1618779600000,56179.99,56363.0,55537.48,56300.01,2271.1
1618783200000,56300.01,56688.28,56004.33,56535.85,2828.7
1618786800000,56535.84,56600.0,56008.0,56150.01,2283.7
1618790400000,56150.01,56841.89,55690.62,56771.94,3197.2
1618794000000,56771.94,57099.91,56650.0,56757.4,2963.6
1618797600000,56757.16,57222.0,56530.75,56883.43,2157.6
1618801200000,56883.43,57291.0,56700.36,57030.9,2341.0
1618804800000,57030.9,57171.73,56679.8,56951.86,2053.3
1618808400000,56951.86,56965.3,56410.68,56500.0,2456.8
1618812000000,56500.01,57339.8,56500.0,57249.99,2761.1
1618815600000,57249.99,57485.46,57020.3,57323.35,3297.0
1618819200000,57323.34,57526.81,56750.89,56778.8,4559.2
1618822800000,56778.8,57098.86,56574.76,56681.9,3806.8
1618826400000,56681.9,56785.5,56120.03,56522.65,4638.6
1618830000000,56522.65,57323.99,56462.0,57107.4,3462.0
1618833600000,57107.41,57142.2,56443.27,56515.7,2616.4
1618837200000,56515.7,56783.36,56002.56,56630.91,4129.6
1618840800000,56630.9,56635.1,55073.39,55439.86,7232.5
1618844400000,55439.86,55475.3,54221.58,54585.22,6961.9
1618848000000,54581.82,55554.0,54351.67,54826.99,4996.4
1618851600000,54826.99,55491.64,54560.53,55369.68,2626.4
1618855200000,55369.68,55826.49,55300.31,55635.03,2181.2
1618858800000,55635.03,56100.0,55387.25,55930.94,2219.6
1618862400000,55930.94,56410.0,55750.0,56130.02,2160.2
1618866000000,56130.02,56600.0,55678.63,56245.2,1789.1
1618869600000,56245.2,56348.05,55795.95,55993.56,1428.7
1618873200000,55993.56,56199.74,55517.45,55633.14,2192.8
1618876800000,55633.14,55792.15,54328.78,54631.29,5959.8
1618880400000,54631.29,55378.42,54237.04,54764.12,3262.8
1618891200000,54764.13,55350.28,54567.79,55258.63,1818.1
1618894800000,55258.64,55486.31,54691.87,54950.04,2658.6
1618898400000,54950.04,55189.97,53501.01,53856.35,4276.7
1618902000000,53856.36,54431.04,53329.96,54410.57,3889.7
1618905600000,54410.57,55313.9,54230.38,55220.29,3227.0
1618909200000,55220.3,55433.4,54781.59,54889.16,2858.6
1618912800000,54889.15,56239.31,54824.81,55908.52,4372.3
1618916400000,55908.52,56419.13,55680.64,56266.83,2774.1
1618920000000,56266.83,56290.31,55604.73,55801.14,2705.9
1618923600000,55801.13,56320.55,55693.69,56317.99,2723.9
1618927200000,56318.0,56455.93,55200.0,55336.14,4285.5
1618930800000,55336.14,55567.87,54649.58,55323.19,3870.7
1618934400000,55323.18,55798.28,55099.63,55784.86,3801.8
1618938000000,55784.86,55935.0,55465.15,55871.72,2436.9
1618941600000,55871.72,56500.0,55707.69,56253.81,3648.7
1618945200000,56254.98,56782.0,56176.02,56572.44,3592.8
1618948800000,56572.44,57076.24,56347.84,56725.0,3872.8
1618952400000,56725.01,57020.77,56424.25,57020.76,2491.6
1618956000000,57020.76,57050.0,56090.0,56380.0,2308.2
1618959600000,56380.0,56573.54,56177.97,56425.0,1908.1
1618963200000,56425.0,56757.91,55582.08,55679.99,3033.1
1618966800000,55679.99,56205.88,55332.96,56044.2,3248.1
1618970400000,56044.75,56300.0,55894.95,56109.73,1681.7
1618974000000,56109.72,56171.39,55170.61,55204.6,2739.0
1618977600000,55204.6,55559.35,54968.69,55386.31,2542.4
1618981200000,55386.3,55660.0,55058.54,55408.89,2104.5
1618984800000,55406.1,55822.77,55140.17,55559.57,2166.8
1618988400000,55559.58,55717.11,55158.31,55304.04,1874.2
1618992000000,55304.04,55670.0,54757.63,55445.49,2693.6
1618995600000,55445.48,55750.0,55279.57,55570.01,1796.5
1618999200000,55570.0,55597.49,54801.25,54916.83,3143.9
1619002800000,54916.83,55194.69,54276.85,54563.37,3810.9
1619006400000,54563.36,55550.0,54300.0,55433.39,3958.9
1619010000000,55433.39,55690.0,55284.34,55569.31,2339.3
1619013600000,55569.31,56333.0,55217.22,56182.11,3729.5
1619017200000,56182.12,56346.7,55810.0,56153.75,3209.7
1619020800000,56149.93,56339.98,55631.26,55743.81,2847.0
1619024400000,55743.82,55819.52,55405.0,55526.01,2087.6
1619028000000,55526.0,55610.9,55129.0,55306.35,1975.1
1619031600000,55306.34,55738.14,55306.34,55478.7,1644.9
1619035200000,55478.7,55481.16,54777.0,54956.93,2590.9
1619038800000,54956.93,55378.43,54678.82,54745.78,2222.3
1619042400000,54749.82,55030.0,53770.0,53996.73,5969.7
1619046000000,53996.73,54337.93,53536.02,53787.63,3575.0
1619049600000,53787.62,54275.48,53200.0,54070.0,4851.0
1619053200000,54070.0,54638.0,53901.0,53911.88,2802.4
1619056800000,53911.88,53958.56,52561.0,53760.82,8567.8
1619060400000,53760.81,54150.0,53200.0,53497.09,4439.8
1619064000000,53494.63,54356.79,53450.0,54271.67,3142.3
1619067600000,54271.68,54621.67,54012.98,54457.72,2655.6
1619071200000,54457.73,54850.0,54252.38,54457.46,2858.8
1619074800000,54457.46,54597.0,54096.08,54144.99,2482.3
1619078400000,54146.01,54254.5,53080.0,53652.0,4910.2
1619082000000,53652.0,54350.0,53249.02,54303.92,3317.7
1619085600000,54303.93,54444.0,53879.07,53899.71,2761.5
1619089200000,53901.46,55223.0,53891.21,54866.62,4204.5
1619092800000,54866.63,55521.48,54726.34,54990.48,4357.3
1619096400000,54990.49,55280.0,54391.56,54419.13,3368.2
1619100000000,54419.13,54861.08,54378.29,54744.24,2611.5
1619103600000,54744.24,54843.24,54310.04,54651.64,2376.7
1619107200000,54651.63,55166.19,54484.34,54897.11,2559.9
1619110800000,54897.11,55018.67,53380.0,53437.4,5143.4
1619114400000,53437.4,53682.03,52703.47,53372.69,6566.3
1619118000000,53372.69,53550.0,52222.17,52923.54,6231.5
1619121600000,52923.54,52932.39,51500.0,51623.57,7619.3
1619125200000,51629.98,52102.5,50500.0,51673.71,9587.6
1619128800000,51679.97,52234.74,51310.34,51620.8,4319.4
1619132400000,51620.8,52221.01,51450.01,51690.96,2921.7
1619136000000,51690.95,52131.85,51280.52,51524.09,5265.8
1619139600000,51524.76,51725.74,49722.22,51080.59,11667.6
1619143200000,51048.59,51427.93,48555.0,49999.99,15482.2
1619146800000,50000.0,50435.45,49647.2,50298.76,6932.5
1619150400000,50298.76,50572.08,49073.61,49178.19,6054.1
1619154000000,49178.2,49937.27,48443.01,49501.73,7362.1
1619157600000,49501.74,49528.99,48500.0,49051.48,6941.1
1619161200000,49051.48,49500.0,47700.0,47942.44,9914.0
1619164800000,47936.0,48858.14,47500.0,48749.75,8238.4
1619168400000,48761.02,48783.6,47842.61,48226.87,4383.7
1619172000000,48226.86,49665.32,48130.03,49455.53,6387.9
1619175600000,49457.48,50269.17,49271.03,50070.36,5122.0
1619179200000,50070.36,50300.0,49189.43,49249.3,4048.8
1619182800000,49249.3,49470.33,48541.0,49127.39,4762.9
1619186400000,49128.47,49943.91,48811.57,49728.37,3247.2
1619190000000,49728.42,49935.01,48981.0,49836.62,3752.5
1619193600000,49836.63,50126.48,49470.26,49836.91,2928.1
1619197200000,49836.9,50115.75,49510.42,49824.74,3000.7
1619200800000,49827.18,50777.0,49620.02,50563.59,3089.0
1619204400000,50563.59,50920.0,50413.51,50876.72,2743.7
1619208000000,50876.71,51301.34,50500.0,50504.32,4892.0
1619211600000,50505.35,50950.01,50284.38,50298.07,2481.7
1619215200000,50298.07,50720.0,50140.0,50469.05,1802.1
1619218800000,50469.12,51146.77,50469.11,51125.14,1583.0
1619222400000,51110.56,51166.22,49560.0,49864.95,4070.2
1619226000000,49864.94,50050.0,49700.4,49724.1,1985.7
1619229600000,49724.1,50395.15,49304.06,50067.37,2760.3
1619233200000,50067.36,50452.37,50011.39,50109.93,1774.4
1619236800000,50109.92,50631.16,49900.0,50412.76,1752.3
1619240400000,50412.76,50544.86,50175.19,50456.09,1570.8
1619244000000,50456.09,50520.57,50155.0,50210.75,1568.5
1619247600000,50210.76,50210.76,49649.7,49805.2,2570.3
1619251200000,49798.96,50217.89,49689.09,49762.54,2105.2
1619254800000,49762.54,49800.0,49424.0,49507.07,2198.7
1619258400000,49507.16,49509.27,48925.15,48991.37,3488.1
1619262000000,48991.36,49523.0,48657.14,49073.71,4199.5
1619265600000,49072.12,49797.61,48917.16,49549.87,3604.0
1619269200000,49554.73,49747.48,49334.49,49554.32,2379.4
1619272800000,49554.32,49554.33,49100.0,49294.71,2039.3
1619276400000,49295.64,50360.63,48900.0,50212.03,4195.6
1619280000000,50210.01,50300.0,49838.72,49894.73,2004.4
1619283600000,49894.73,50159.76,49650.0,50121.31,1581.8
1619287200000,50123.44,50800.74,49986.03,50562.06,2164.3
1619290800000,50562.05,50888.0,50562.05,50667.75,1248.6
1619294400000,50667.79,50995.0,50535.86,50930.49,1563.7
1619298000000,50930.49,51000.0,50623.01,50853.72,1255.5
1619301600000,50853.71,50934.4,50223.72,50298.84,1607.6
1619305200000,50292.32,50519.75,49900.0,50047.84,1673.2
1619308800000,50047.84,50302.15,49716.41,49821.69,2241.5
1619312400000,49821.69,50306.12,49800.0,50132.66,1304.8
1619316000000,50132.66,50452.85,50120.88,50289.01,1210.9
1619319600000,50289.01,50331.16,49600.0,49615.54,1663.8
1619323200000,49626.76,49705.04,49600.24,49683.94,5.9
1619337600000,49683.95,50280.0,49671.52,50086.13,920.2
1619341200000,50086.77,50223.21,49161.94,49486.62,3835.9
1619344800000,49486.62,49918.0,49179.43,49342.51,3900.3
1619348400000,49339.75,49683.54,49248.52,49550.73,1867.4
1619352000000,49550.74,49974.65,49450.0,49859.54,2413.0
1619355600000,49861.21,50157.46,49750.0,49872.91,2934.2
1619359200000,49872.9,50500.0,49700.0,50335.68,2830.3
1619362800000,50335.67,50567.91,50191.26,50257.97,2411.1
1619366400000,50257.97,50395.49,50043.28,50395.49,1930.6
1619370000000,50395.49,50434.0,49768.17,49921.81,2065.1
1619373600000,49921.81,49949.23,49470.0,49622.7,2454.1
1619377200000,49622.7,49785.95,49295.09,49333.01,1782.2
1619380800000,49333.01,49593.18,47900.0,48094.68,5353.1
1619384400000,48097.99,48392.49,46930.0,47598.87,8179.9
1619388000000,47598.87,48812.33,47507.31,48689.03,5607.3
1619391600000,48694.09,49171.76,48500.0,49066.77,3344.1
1619395200000,49066.76,50989.0,48753.44,50900.0,6885.2
1619398800000,50899.99,51983.56,50437.37,51920.39,6233.1
1619402400000,51920.39,52500.0,51698.09,51969.24,5057.5
1619406000000,51961.34,52427.97,51833.31,52398.99,3147.6
1619409600000,52398.99,52722.35,52000.0,52299.99,3111.2
1619413200000,52300.0,52579.91,52051.06,52535.23,2571.8
1619416800000,52535.23,53080.0,52421.23,52832.0,3992.4
1619420400000,52831.99,52969.35,52445.48,52801.37,3307.2
1619424000000,52801.37,52981.07,52507.41,52584.19,2382.1
1619427600000,52584.19,53544.68,52275.0,53450.04,4242.6
1619431200000,53450.04,53530.29,53119.01,53217.03,3124.2
1619434800000,53217.03,53685.0,53217.03,53598.39,3308.5
1619438400000,53598.39,53950.0,53407.82,53484.75,4131.4
1619442000000,53484.74,53894.61,53200.0,53659.52,3680.5
1619445600000,53657.33,53844.19,53354.38,53545.87,2570.5
1619449200000,53545.87,53700.02,53239.69,53571.12,2105.3
1619452800000,53571.13,53757.97,52868.07,53284.61,3930.7
1619456400000,53284.6,54356.62,53276.75,54034.75,3853.4
1619460000000,54034.74,54284.46,53880.27,54245.87,2461.2
1619463600000,54245.87,54300.0,53702.08,54036.19,3319.1
1619467200000,54038.21,54040.0,53179.68,53180.0,3491.7
1619470800000,53180.01,53478.0,52600.36,53363.54,4705.7
1619474400000,53363.53,54250.0,52857.14,53582.45,2906.5
1619478000000,53582.45,54050.08,53451.12,54001.39,1791.2
1619481600000,54001.38,54160.61,53519.0,53657.36,2201.2
1619485200000,53657.35,53838.58,53571.88,53772.23,1682.4
1619488800000,53772.23,54000.0,53728.68,53812.01,1926.6
1619492400000,53812.0,53827.34,53267.71,53460.3,1956.1
1619496000000,53460.3,53591.51,53222.0,53456.85,1698.4
1619499600000,53456.85,53970.0,53405.82,53918.3,1911.7
1619503200000,53918.3,54933.74,53898.61,54700.34,4568.1
1619506800000,54700.35,54879.72,54317.13,54545.01,2343.2
1619510400000,54545.0,54986.96,54349.77,54430.17,2402.5
1619514000000,54430.25,54688.49,54248.92,54487.04,1824.0
1619517600000,54487.05,54782.7,54426.66,54683.34,2148.4
1619521200000,54688.72,55242.32,54625.31,55152.43,3287.1
1619524800000,55152.43,55281.16,54736.78,54838.53,2259.4
1619528400000,54838.53,55040.83,54400.0,54726.35,2591.0
1619532000000,54726.34,55068.91,54258.32,54953.92,4785.5
1619535600000,54953.27,55300.0,54820.38,54981.87,2714.5
1619539200000,54981.86,55081.61,54545.64,54663.28,2348.7
1619542800000,54663.28,54933.45,54258.4,54875.62,2204.0
1619546400000,54875.63,54991.45,54624.76,54960.01,1564.6
1619550000000,54960.01,54976.49,54613.68,54761.7,1371.3
1619553600000,54761.7,55183.33,54761.7,55133.88,1467.8
1619557200000,55133.88,55460.0,54818.48,55275.29,1717.6
1619560800000,55275.29,55339.42,54875.36,54944.72,1395.9
1619564400000,54944.72,55049.97,54738.43,55011.97,1694.0
1619568000000,55011.97,55466.31,54967.38,55384.61,2648.2
1619571600000,55384.61,55738.0,55280.01,55471.2,2372.8
1619575200000,55471.2,55629.67,55173.2,55189.99,2237.1
1619578800000,55190.0,55276.76,54769.42,54774.05,2477.1
1619582400000,54774.05,54995.07,54545.0,54820.54,1616.6
1619586000000,54820.54,54938.4,54400.0,54594.5,1973.1
1619589600000,54599.24,54628.65,53813.16,54144.18,4867.7
1619593200000,54144.18,54550.78,54040.01,54255.98,1991.7
1619596800000,54255.98,54535.51,54055.83,54063.23,1803.6
1619600400000,54063.23,54420.86,53917.64,54215.31,2263.8
1619604000000,54215.3,54476.26,54102.35,54413.56,1337.2
1619607600000,54413.57,55087.85,54411.81,54853.26,3066.8
1619611200000,54853.26,55327.0,54762.42,55175.25,2451.4
1619614800000,55175.25,55195.35,54625.0,54780.0,2012.5
1619618400000,54780.01,54917.29,54460.41,54489.22,1854.2
1619622000000,54489.21,54611.27,54111.11,54338.14,2069.0
1619625600000,54338.14,54775.0,54245.33,54704.76,1719.3
1619629200000,54704.75,54975.45,54523.0,54838.72,1391.8
1619632800000,54838.73,55070.0,54643.45,54933.76,1667.4
1619636400000,54933.75,55432.0,54724.91,55411.97,1761.3
1619640000000,55407.03,56428.0,54159.0,54369.08,7215.9
1619643600000,54369.08,54884.0,54002.0,54801.34,1810.0
1619647200000,54801.33,54838.43,54311.0,54466.72,1310.0
1619650800000,54469.96,54886.63,54363.86,54846.22,1211.9
1619654400000,54846.23,55195.84,54673.96,54720.07,1873.4
1619658000000,54720.07,54775.98,54415.37,54567.68,1669.8
1619661600000,54567.68,54752.12,54306.01,54575.94,1730.0
1619665200000,54575.93,54632.58,54046.33,54265.1,1854.7
1619668800000,54265.1,54265.1,53510.0,53564.94,3064.7
1619672400000,53564.94,53976.19,53482.22,53896.92,2134.2
1619676000000,53896.92,54493.87,53856.49,54372.84,2055.6
1619679600000,54372.84,54486.45,54255.0,54465.14,1478.4
1619683200000,54465.27,54467.99,53850.0,53929.29,2319.6
1619686800000,53929.28,54739.43,53759.98,54541.01,2798.3
1619690400000,54540.01,54689.48,54338.33,54428.04,1736.1
1619694000000,54428.04,54546.33,54105.22,54300.16,1855.2
1619697600000,54300.16,54531.89,54159.47,54330.01,2002.8
1619701200000,54330.01,54404.59,53560.0,53606.03,3125.2
1619704800000,53606.03,53913.78,53508.0,53682.26,2505.8
1619708400000,53682.26,53912.83,53303.68,53703.11,2704.7
1619712000000,53703.11,53816.19,52950.0,52972.0,3351.7
1619715600000,52972.0,53183.72,52700.0,52742.95,3725.6
1619719200000,52742.98,53039.27,52476.69,52928.54,2690.8
1619722800000,52935.72,53036.79,52800.0,52860.02,1452.0
1619726400000,52860.02,53337.07,52330.94,52981.71,2843.6
1619730000000,52977.71,53363.99,52808.05,53329.2,1120.1
1619733600000,53329.2,53437.49,53101.61,53387.35,1078.3
1619737200000,53387.35,53650.63,53300.0,53555.0,1315.4
1619740800000,53555.0,53816.36,53013.01,53386.46,2623.1
1619744400000,53386.47,53636.36,53183.27,53395.09,1925.0
1619748000000,53395.09,53617.07,53331.48,53520.42,1530.5
1619751600000,53520.42,53773.08,53421.4,53679.03,2057.2
1619755200000,53679.04,54200.0,53673.05,54124.35,2911.6
1619758800000,54124.35,54300.0,53914.73,54266.56,2529.3
1619762400000,54266.56,54450.0,54161.58,54415.0,1982.0
1619766000000,54415.0,54558.8,54250.92,54343.11,2243.1
1619769600000,54343.11,54672.31,54108.8,54526.61,1830.7
1619773200000,54526.6,54792.33,54305.0,54318.08,2470.6
1619776800000,54317.82,54498.98,54100.0,54164.67,1833.5
1619780400000,54164.67,54377.97,54051.11,54230.63,1728.2
1619784000000,54230.64,54738.96,54170.89,54655.81,2294.6
1619787600000,54655.81,55990.0,54409.7,55989.31,6279.5
1619791200000,55989.31,56308.16,55736.24,55952.19,6046.7
1619794800000,55952.19,57258.15,55952.19,57180.06,7194.7
1619798400000,57180.05,57385.0,56394.22,56707.28,5269.9
1619802000000,56707.27,56810.0,56277.39,56546.79,2866.9
1619805600000,56546.79,57055.74,56521.46,56857.47,2135.5
1619809200000,56857.48,57048.0,56780.47,57007.38,1584.4
1619812800000,57007.38,57032.15,56374.21,56757.34,2015.6
1619816400000,56757.34,57184.27,56646.97,56976.53,1302.5
1619820000000,56976.53,57427.09,56887.26,57119.75,2203.3
1619823600000,57119.76,57963.0,57090.8,57694.27,3720.5
1619827200000,57697.25,58088.0,57421.05,57811.42,3480.4
1619830800000,57809.99,58456.52,57470.77,58450.0,2988.4
1619834400000,58450.0,58458.07,57931.89,58100.0,2232.5
1619838000000,58100.01,58248.54,58031.86,58178.67,1395.6
1619841600000,58177.59,58245.33,57687.04,58052.37,2020.0
1619845200000,58052.37,58422.31,57896.85,58134.44,1754.8
1619848800000,58134.44,58239.64,57837.0,57894.91,1330.6
1619852400000,57894.9,58036.08,57585.55,57725.14,1624.5
1619856000000,57725.14,57930.0,57450.63,57450.63,2063.8
1619859600000,57450.63,57851.35,57116.16,57492.99,2610.6
1619863200000,57492.99,57666.66,57335.75,57384.0,1270.1
1619866800000,57384.0,57834.37,57383.33,57816.9,1245.5
1619870400000,57816.91,58043.01,57673.0,57764.15,1804.4
1619874000000,57764.15,58005.09,57525.0,57611.0,1688.8
1619877600000,57613.1,57681.0,57220.67,57430.78,1778.8
1619881200000,57430.79,57500.0,56956.14,57356.58,2104.6
1619884800000,57356.59,57712.69,57218.0,57495.59,1801.2
1619888400000,57495.6,57767.0,57492.78,57569.99,1620.9
1619892000000,57567.34,57650.0,57400.35,57610.52,1179.3
1619895600000,57610.51,57998.97,57444.03,57770.31,1757.4
1619899200000,57770.32,57877.39,57641.5,57679.99,1187.5
1619902800000,57680.0,57690.0,57372.01,57451.58,1247.8
1619906400000,57451.57,57716.27,57243.65,57657.75,1203.5
1619910000000,57660.31,57939.0,57580.7,57800.37,1209.3
1619913600000,57797.35,57911.02,57371.12,57442.25,1595.9
1619917200000,57442.25,57488.04,57275.0,57415.6,1386.9
1619920800000,57415.6,57700.0,57415.6,57650.0,819.3
1619924400000,57650.0,57694.99,56323.66,56450.19,3407.9
1619928000000,56450.19,56930.98,56171.31,56905.68,2786.1
1619931600000,56905.68,57129.0,56612.29,56902.07,1189.2
1619935200000,56902.07,57034.19,56686.0,56879.99,785.5
1619938800000,56881.33,56988.0,56404.31,56633.02,1376.8
1619942400000,56633.03,56766.63,56156.0,56525.23,1700.1
1619946000000,56525.23,56650.0,56035.25,56450.0,2403.9
1619949600000,56450.0,57000.0,56385.16,56831.67,1903.1
1619953200000,56831.67,57090.0,56543.25,57090.0,1173.3
1619956800000,57090.0,57286.96,56700.01,56839.66,1644.7
1619960400000,56839.66,56903.74,56451.01,56679.85,1194.7
1619964000000,56680.84,56999.0,56660.0,56823.52,1150.5
1619967600000,56823.51,56846.92,56231.55,56595.2,1985.0
1619971200000,56595.2,56777.0,56317.59,56557.8,1409.1
1619974800000,56557.81,56843.78,56468.63,56779.99,1123.5
1619978400000,56780.0,56899.99,56700.0,56840.45,1163.9
1619982000000,56840.44,56968.56,56546.47,56836.4,1320.5
1619985600000,56836.39,57000.0,56666.67,56994.0,1154.0
1619989200000,56994.99,57141.05,56615.05,56649.99,1628.9
1619992800000,56649.98,56745.7,56212.0,56382.1,1696.7
1619996400000,56382.1,56600.5,56309.32,56578.21,813.5
1620000000000,56578.21,57600.0,56525.0,57407.86,2646.7
1620003600000,57407.85,58289.99,57359.28,58042.82,2551.5
1620007200000,58042.83,58249.99,57850.23,58060.48,1823.4
1620010800000,58060.48,58240.69,57768.67,57925.8,2374.7
1620014400000,57925.79,58044.09,57696.7,57820.64,1382.1
1620018000000,57820.64,58110.0,57794.17,57938.86,2038.5
1620021600000,57938.86,58049.83,57860.02,57945.55,1706.2
1620025200000,57945.55,58848.0,57814.34,58787.87,4220.1
1620028800000,58787.88,58981.44,58617.0,58764.07,2633.3
1620032400000,58764.08,58804.45,58277.12,58409.73,2782.9
1620036000000,58409.91,58620.87,58344.97,58467.42,1876.0
1620039600000,58467.42,58965.19,58464.44,58657.63,2076.0
1620043200000,58657.64,58770.0,58293.49,58558.27,1868.1
1620046800000,58558.26,58645.09,57260.0,57697.33,3671.9
1620050400000,57696.52,58199.0,57600.0,57777.33,2874.0
1620054000000,57777.33,58020.21,57379.57,57601.83,2821.8
1620057600000,57603.33,57957.1,57169.0,57693.73,2869.0
1620061200000,57693.98,58170.0,57579.26,57958.6,2153.7
1620064800000,57958.6,58084.6,57745.9,57764.42,1840.5
1620068400000,57764.42,57764.43,57326.01,57564.87,1904.1
1620072000000,57564.86,57575.05,56602.73,56783.94,3198.9
1620075600000,56783.93,57163.26,56435.0,57110.25,2158.0
1620079200000,57110.24,57421.61,56723.01,57292.88,2249.0
1620082800000,57292.88,57457.12,56885.92,57169.39,1929.6
1620086400000,57169.39,57200.0,54580.0,55291.71,6665.1
1620090000000,55294.47,55846.68,55100.0,55682.71,4610.9
1620093600000,55682.71,56012.49,55447.73,55695.16,3115.9
1620097200000,55695.15,55959.79,55231.27,55452.17,2586.0
1620100800000,55452.16,55906.15,55122.0,55809.45,2356.6
1620104400000,55809.45,56291.37,55766.01,55988.95,2088.2
1620108000000,55988.95,56169.0,55851.25,56070.62,1916.6
1620111600000,56070.62,56361.82,55853.66,55917.97,2157.4
1620115200000,55917.98,56020.0,55555.0,55739.99,2840.0
1620118800000,55740.33,56399.68,55740.33,56077.57,2579.6
1620122400000,56077.58,56637.89,56075.11,56406.72,2546.6
1620126000000,56406.72,56431.65,55857.14,56143.42,2657.3
1620129600000,56143.43,56321.18,55460.16,56020.57,4864.1
1620133200000,56020.56,56120.0,55200.0,55461.35,4465.3
1620136800000,55461.35,55552.85,54410.0,54825.01,8000.3
1620140400000,54827.66,54971.0,53526.0,53799.33,8228.6
1620144000000,53802.54,54315.57,53201.01,53849.23,6012.4
1620147600000,53849.24,54289.75,53724.18,54166.82,3543.8
1620151200000,54166.87,54745.81,53985.34,54524.76,3163.2
1620154800000,54522.62,54578.03,54209.65,54541.13,2282.7
1620158400000,54539.73,54824.0,53900.0,54727.01,2578.1
1620162000000,54727.0,54809.48,54194.9,54349.83,1753.5
1620165600000,54349.84,54427.0,53533.0,54079.61,2126.6
1620169200000,54079.6,54236.63,53046.69,53200.01,2185.8
1620172800000,53205.05,54886.69,52900.0,54566.58,4712.6
1620176400000,54566.53,55098.0,54404.9,54758.72,3251.7
1620180000000,54758.72,55415.83,54659.0,55050.22,2379.5
1620183600000,55050.22,55242.02,54709.0,54795.19,2784.6
1620187200000,54798.87,55285.71,54428.92,54552.15,2987.2
1620190800000,54552.32,54910.27,54276.0,54693.1,2476.5
1620194400000,54691.72,54731.62,53922.84,54421.51,2467.2
1620198000000,54421.51,55028.21,54302.0,54858.35,2149.1
1620201600000,54858.35,55555.0,54679.13,55425.02,3113.6
1620205200000,55425.02,55492.15,55055.51,55359.48,1803.7
1620208800000,55359.48,55809.24,55066.31,55627.54,2632.2
1620212400000,55627.55,55672.55,55000.0,55108.95,2408.2
1620216000000,55108.95,55775.15,55032.65,55573.09,2904.5
1620219600000,55573.1,56259.74,55535.61,56247.17,3785.2
1620223200000,56247.16,57000.0,55659.69,56982.8,5207.7
1620226800000,56982.92,57712.06,56915.41,57636.74,7439.3
1620230400000,57635.89,58069.82,57227.45,57414.77,7728.1
1620234000000,57414.77,57699.98,57198.03,57281.33,2531.6
1620237600000,57281.33,57500.0,57043.0,57301.55,2211.9
1620241200000,57301.56,57500.0,57043.12,57136.04,2276.8
1620244800000,57136.04,57239.85,56576.04,56841.77,3134.4
1620248400000,56841.77,56977.07,56687.35,56796.44,1464.8
1620252000000,56796.44,57619.86,56715.3,57064.55,3143.7
1620255600000,57064.54,57460.67,56926.0,57436.11,2270.0
1620259200000,57436.11,57570.0,56570.66,56959.92,3698.1
1620262800000,56959.93,57194.99,56576.36,56835.86,2753.1
1620266400000,56835.85,57165.6,56707.34,57033.36,1865.1
1620270000000,57033.36,57033.37,56632.65,56797.09,1641.5
1620273600000,56797.09,57568.42,56708.08,56943.39,3055.4
1620277200000,56943.39,57343.6,56700.0,57167.03,1694.7
1620280800000,57167.03,57167.03,56441.19,56587.65,2614.9
1620284400000,56587.66,56897.62,56331.66,56814.79,2046.7
1620288000000,56814.79,57203.81,56788.26,56898.87,2085.9
1620291600000,56898.88,57325.0,56772.75,57261.57,2144.0
1620295200000,57261.57,58360.0,57150.0,57982.1,5182.9
1620298800000,57982.1,58140.0,57688.0,57988.0,3047.8
1620302400000,57988.0,58099.0,57448.94,57616.97,2902.8
1620306000000,57616.98,57700.0,57051.96,57271.31,3047.8
1620309600000,57271.31,57399.99,56875.4,57153.13,2494.1
1620313200000,57153.12,57350.72,56763.0,57088.49,3647.5
1620316800000,57088.48,57475.0,56574.19,56718.03,3780.0
1620320400000,56718.04,57100.0,56684.87,56777.0,2117.2
1620324000000,56775.54,56970.0,55450.0,55753.57,6441.4
1620327600000,55752.54,56358.96,55200.0,56128.42,4843.4
1620331200000,56128.42,56269.0,55674.13,55913.75,3303.1
1620334800000,55913.76,56452.82,55890.86,56296.52,1939.1
1620338400000,56296.52,56564.17,56186.16,56498.56,1851.4
1620342000000,56498.56,56794.4,56254.29,56393.68,1983.9
1620345600000,56393.68,57122.17,56028.46,56376.29,3672.2
1620349200000,56376.33,56565.88,55900.0,56197.07,2788.4
1620352800000,56197.06,56397.02,55500.0,55829.28,3948.5
1620356400000,55829.28,56150.0,55476.74,55705.67,2806.9
1620360000000,55705.67,55890.98,55241.63,55830.9,2863.1
1620363600000,55830.9,56106.34,55712.39,55795.36,2090.1
1620367200000,55795.37,56194.1,55640.37,56109.0,2046.2
1620370800000,56109.01,56280.88,55675.01,55766.34,2695.5
1620374400000,55766.33,56162.44,55570.35,56086.5,2576.3
1620378000000,56086.51,56550.0,56039.72,56231.46,2620.2
1620381600000,56231.46,56689.7,56231.46,56400.57,2919.4
1620385200000,56400.57,56784.0,56217.22,56464.74,2314.4
1620388800000,56464.74,57586.48,56228.24,57459.27,4593.5
1620392400000,57459.27,57680.0,56900.0,56997.47,3296.2
1620396000000,56997.47,57215.75,56696.0,57129.5,3492.1
1620399600000,57129.5,57600.0,57050.16,57519.24,3408.1
1620403200000,57519.25,58300.0,57132.65,58300.0,5939.7
1620406800000,58300.0,58650.0,57908.86,58119.99,4412.9
1620410400000,58120.0,58208.66,57621.41,57890.03,2968.4
1620414000000,57890.02,57997.94,57430.0,57584.01,2647.6
1620417600000,57584.01,58074.31,57376.25,57607.97,2379.6
1620421200000,57607.97,57623.91,57147.0,57358.44,2436.8
1620424800000,57358.45,57571.29,56749.75,57030.92,3551.8
1620428400000,57030.92,57389.21,57020.13,57314.75,2074.7
1620432000000,57315.49,57761.78,56900.0,57700.78,2546.9
1620435600000,57700.53,57788.79,57424.01,57558.89,1754.9
1620439200000,57558.9,58310.29,57500.34,58253.2,2594.9
1620442800000,58253.2,58400.0,57980.94,58099.98,2309.2
1620446400000,58099.86,58599.99,57950.35,58057.02,2397.9
1620450000000,58057.01,58067.32,57791.0,57877.97,1935.9
1620453600000,57877.97,57975.31,57500.0,57804.1,1863.2
1620457200000,57804.09,58540.01,57604.06,58463.06,2932.6
1620460800000,58463.06,59379.26,58458.29,58856.56,6420.3
1620464400000,58856.57,59173.3,58632.8,58799.99,2999.2
1620468000000,58800.0,58888.0,58305.0,58539.56,2303.6
1620471600000,58539.56,58802.09,58350.0,58556.09,1682.3
1620475200000,58556.09,59118.3,58213.76,58862.79,2917.2
1620478800000,58862.8,59438.64,58700.0,58828.25,4760.0
1620482400000,58828.26,59060.0,58601.0,58946.32,2809.8
1620486000000,58947.47,58947.48,57472.95,57599.87,5851.5
1620489600000,57599.86,58500.0,57560.63,58381.14,4739.3
1620493200000,58381.14,59050.45,58139.91,58898.98,3815.4
1620496800000,58901.45,59251.04,58901.45,59060.57,2937.0
1620500400000,59060.57,59300.0,58863.18,59030.56,2046.5
1620504000000,59030.56,59500.0,58755.0,58935.31,2346.6
1620507600000,58935.31,59098.99,58623.21,58782.49,1893.9
1620511200000,58782.48,59119.95,58477.94,58567.12,2395.9
1620514800000,58567.12,58886.8,58466.0,58862.05,1455.9
1620518400000,58866.53,59075.0,58505.95,58527.0,1976.4
1620522000000,58527.0,59239.58,58325.09,59126.14,3062.5
1620525600000,59126.14,59147.94,58500.0,58605.0,2107.2
1620529200000,58605.03,59300.0,58465.96,58632.78,4827.2
1620532800000,58635.72,58974.91,57575.0,58157.87,9149.4
1620536400000,58157.87,58568.96,57937.27,58446.51,2314.1
1620540000000,58446.51,58620.16,58000.0,58337.57,2438.3
1620543600000,58337.57,58342.7,57711.71,57965.59,2152.6
1620547200000,57965.59,58250.0,57815.02,58159.6,2238.7
1620550800000,58159.59,58400.0,57589.94,57952.52,2908.2
1620554400000,57952.53,58052.33,57535.61,57955.04,2470.7
1620558000000,57955.04,58200.0,57865.85,57907.49,2156.9
1620561600000,57907.49,58000.0,56235.66,56433.53,7334.1
1620565200000,56433.54,57387.77,56402.9,57220.02,3553.7
1620568800000,57220.01,57485.0,57111.41,57170.9,2243.8
1620572400000,57170.9,57425.2,57000.0,57379.58,1889.6
1620576000000,57379.58,57883.11,57300.01,57600.01,2503.1
1620579600000,57600.0,57660.3,57262.51,57458.73,1615.9
1620583200000,57458.73,57638.2,57199.8,57439.39,1531.7
1620586800000,57441.61,57569.0,57048.96,57266.97,2492.9
1620590400000,57266.97,57999.0,57179.18,57844.18,2673.7
1620594000000,57844.18,58180.0,57778.85,58025.89,1924.1
1620597600000,58025.88,58205.67,57850.0,57930.32,2208.5
1620601200000,57930.31,58439.7,57929.84,58240.84,2032.9
1620604800000,58240.83,58887.82,58009.96,58858.6,2735.1
1620608400000,58858.6,58985.0,58610.16,58700.21,2415.3
1620612000000,58699.99,59066.0,58650.39,58982.81,2164.3
1620615600000,58978.95,59444.9,58929.33,59356.76,3590.5
1620619200000,59356.77,59500.0,59003.37,59154.67,3062.8
1620622800000,59154.67,59439.98,58680.26,59068.05,2521.2
1620626400000,59068.66,59180.0,58755.0,58833.93,1799.2
1620630000000,58833.92,58965.01,58355.79,58370.17,2502.9
1620633600000,58370.17,58593.79,58016.33,58372.87,2898.4
1620637200000,58372.86,58573.54,57736.46,57899.65,3262.4
1620640800000,57899.65,58167.83,57550.0,57866.23,2697.7
1620644400000,57866.24,58300.0,57301.81,58070.63,3624.6
1620648000000,58070.63,58231.46,57526.25,57654.57,3500.8
1620651600000,57650.01,57938.12,57455.0,57675.84,3403.5
1620655200000,57675.84,57675.84,56815.0,56831.59,4097.4
1620658800000,56831.59,58320.0,56700.0,58296.36,5490.7
1620662400000,58296.35,58593.7,57556.99,57572.32,4239.7
1620666000000,57572.32,57693.44,56849.75,56985.3,4085.4
1620669600000,56985.3,57195.32,56388.26,56771.88,4418.6
1620673200000,56771.87,56977.48,55516.85,55733.76,6241.0
1620676800000,55733.76,55739.62,53400.0,55240.88,11462.1
1620680400000,55246.69,55843.09,55027.18,55641.11,3014.2
1620684000000,55640.76,56269.89,55367.15,56229.93,3377.2
1620687600000,56229.92,56230.12,55418.98,55816.14,2981.3
1620691200000,55816.14,56435.48,55429.99,55460.08,3554.5
1620694800000,55453.39,55815.29,55064.13,55565.33,3604.8
1620698400000,55565.33,55942.26,54505.0,54600.0,3617.7
1620702000000,54600.0,55283.68,54370.0,55142.46,3510.8
1620705600000,55142.44,55545.69,54986.47,55337.04,2646.3
1620709200000,55337.03,55484.36,54589.0,54798.0,2345.2
1620712800000,54788.6,55800.0,54721.89,55677.12,2548.3
1620716400000,55677.12,55846.9,55421.84,55740.09,1960.5
1620720000000,55737.89,55893.9,55153.14,55341.27,3137.1
1620723600000,55341.28,56027.63,55315.49,55901.15,2573.2
1620727200000,55901.14,56190.0,55733.45,55841.78,2557.4
1620730800000,55841.79,55963.86,55125.71,55210.47,2732.7
1620734400000,55210.47,55418.8,54766.44,55374.08,3862.9
1620738000000,55374.08,55760.01,54875.0,55750.0,3879.9
1620741600000,55750.0,55885.77,55485.14,55688.0,3119.8
1620745200000,55688.0,56176.0,55545.28,56052.82,3032.7
1620748800000,56052.83,56553.42,55750.0,55999.69,3493.0
1620752400000,55999.68,56500.0,55927.27,56395.1,2213.9
1620756000000,56395.09,56690.0,56249.38,56383.66,2035.3
1620759600000,56383.66,56850.0,56330.3,56608.94,1880.4
1620763200000,56608.93,56850.0,56464.73,56806.34,1629.0
1620766800000,56806.35,56862.43,56288.43,56510.26,1504.0
1620770400000,56510.26,56654.71,56307.43,56399.99,1452.8
1620774000000,56399.99,56767.96,56168.98,56670.02,1437.2
1620777600000,56670.02,57360.07,56555.12,57348.95,3166.9
1620781200000,57344.48,57360.0,56924.37,57033.35,2018.8
1620784800000,57033.35,57337.81,56932.83,57172.94,2235.7
1620788400000,57170.2,57872.18,56937.78,57756.94,3310.8
1620792000000,57756.95,58000.01,57284.82,57355.3,2702.3
1620795600000,57355.29,57504.65,57160.01,57227.98,1948.7
1620799200000,57227.98,57366.92,56900.0,57009.55,2517.1
1620802800000,57011.67,57250.0,56882.0,57101.07,1915.3
1620806400000,57101.08,57180.0,56580.0,56912.77,3332.8
1620810000000,56912.77,57195.5,56730.0,56855.43,2163.1
1620813600000,56855.42,56861.01,55950.45,56026.83,3903.6
1620817200000,56026.83,56517.22,55967.13,56421.46,2722.4
1620820800000,56421.45,56615.45,56164.0,56316.76,2723.6
1620824400000,56316.76,56850.0,55700.0,56760.11,3996.6
1620828000000,56760.1,56900.0,56000.0,56073.03,3641.4
1620831600000,56073.04,56126.29,55232.56,55479.13,5861.5
1620835200000,55479.13,55677.31,54392.74,55013.01,6443.7
1620838800000,55013.01,55329.3,54687.05,54865.13,3002.0
1620842400000,54863.94,55144.98,53576.3,54082.52,6339.7
1620846000000,54082.52,54526.3,53500.0,54432.39,4578.1
1620849600000,54437.0,54660.17,53983.05,54420.14,2585.9
1620853200000,54420.14,54751.92,54300.0,54533.16,1891.9
1620856800000,54533.16,54746.82,51563.19,52942.79,12842.5
1620860400000,52938.97,52950.55,48600.0,49631.32,13998.4
1620864000000,49537.15,50630.0,46000.0,49666.99,19866.0
1620867600000,49661.12,50600.0,49305.43,50522.52,10089.0
1620871200000,50522.52,50829.98,50000.0,50255.84,6577.5
1620874800000,50257.78,50490.09,49544.0,50461.99,6253.5
1620878400000,50461.99,50986.22,50282.0,50445.87,4747.3
1620882000000,50445.87,51076.41,50444.0,50884.09,3757.0
1620885600000,50884.09,51335.0,50760.42,51332.74,3988.4
1620889200000,51332.74,51367.19,50605.38,50879.72,3632.1
1620892800000,50879.73,50950.0,49938.44,50015.82,4616.6
1620896400000,50015.83,50354.28,48747.89,49212.91,8623.5
1620900000000,49212.92,50243.61,48901.0,49171.76,8782.3
1620903600000,49176.56,49909.8,48457.12,49777.01,6132.2
1620907200000,49777.01,50400.0,49528.46,50158.05,4589.2
1620910800000,50159.29,50585.52,49594.0,50500.0,3970.5
1620914400000,50500.01,50884.34,50207.56,50288.69,3752.9
1620918000000,50288.68,50394.2,49458.68,49627.64,4978.8
1620921600000,49627.63,50429.99,48434.2,48635.4,6007.2
1620925200000,48635.65,48888.0,47000.0,48465.11,11630.7
1620928800000,48465.11,48964.41,47672.59,47844.04,6375.3
1620932400000,47844.04,49384.2,47832.38,48568.85,4923.9
1620936000000,48569.97,49450.0,48367.56,49304.15,4073.9
1620939600000,49304.11,49866.03,49000.0,49564.94,2593.2
1620943200000,49564.93,49879.77,48838.38,48857.72,3571.6
1620946800000,48857.76,49759.1,48350.0,49670.97,3799.4
1620950400000,49671.92,50241.19,49479.77,50029.78,4470.6
1620954000000,50029.77,50390.7,49855.09,50015.76,3253.8
1620957600000,50019.56,50070.68,49414.5,49464.64,3144.2
1620961200000,49464.63,49663.18,49021.01,49157.93,2794.5
1620964800000,49157.94,49540.09,48799.75,49198.86,3932.0
1620968400000,49195.17,49736.84,49042.29,49653.44,2676.5
1620972000000,49649.77,49706.55,48862.56,49056.83,3448.4
1620975600000,49056.83,50286.26,49050.0,49987.2,4177.2
1620979200000,49987.19,50420.17,49880.0,50365.98,3437.2
1620982800000,50365.97,50800.0,50140.1,50413.21,4037.6
1620986400000,50413.21,50767.39,50213.0,50720.34,3962.7
1620990000000,50720.34,50958.32,50478.79,50538.14,3477.0
1620993600000,50538.13,50624.93,50226.19,50310.83,3335.8
1620997200000,50310.83,50977.6,50037.0,50937.18,3262.9
1621000800000,50937.19,50949.96,50470.87,50873.78,3009.0
1621004400000,50873.78,51483.0,50873.77,51211.98,4260.6
1621008000000,51211.98,51322.41,50660.59,50809.0,3748.0
1621011600000,50809.0,51053.74,50490.26,50569.36,2632.6
1621015200000,50569.37,50728.96,50330.62,50470.07,3438.1
1621018800000,50470.89,50479.49,50083.8,50138.09,2652.3
1621022400000,50141.33,50294.6,49065.0,49146.02,4218.7
1621026000000,49146.01,49848.48,49030.0,49807.18,2362.8
1621029600000,49810.37,50142.06,49613.22,49912.26,2043.0
1621033200000,49912.26,50188.67,49730.98,49841.45,2306.7
1621036800000,49844.16,50320.24,49269.78,49444.7,3240.1
1621040400000,49444.7,50700.0,49350.5,50619.19,2899.1
1621044000000,50619.18,50650.73,50020.0,50084.84,2143.7
1621047600000,50084.83,50084.83,49601.0,49627.01,2247.6
1621051200000,49627.02,49861.2,49150.92,49322.03,2922.0
1621054800000,49322.03,49720.37,49086.75,49666.46,2777.4
1621058400000,49668.92,49700.0,48628.72,48971.99,4476.0
1621062000000,48972.0,49058.89,48400.0,48469.28,4586.9
1621065600000,48469.71,49072.49,48203.91,48826.08,3843.6
1621069200000,48826.06,49298.59,48350.0,48640.87,3775.3
1621072800000,48654.24,48654.24,47721.84,48379.9,5492.3
1621076400000,48379.89,49000.0,48343.42,48929.74,3024.3
1621080000000,48929.73,49364.8,48636.58,49167.21,3205.2
1621083600000,49167.22,49340.68,48527.07,48995.02,3241.6
1621087200000,48995.02,49697.63,48832.0,49389.58,5237.2
1621090800000,49389.58,49585.49,48834.82,48982.99,3230.3
1621094400000,48983.0,48994.27,47534.0,47876.71,6712.6
1621098000000,47875.46,48234.16,47399.3,47801.08,4911.0
1621101600000,47801.07,48200.0,47447.36,47890.07,3156.2
1621105200000,47890.72,48108.61,46900.0,48108.4,5499.3
1621108800000,48108.4,48655.0,48037.25,48219.31,3115.5
1621112400000,48219.41,48738.75,48209.01,48419.76,1775.3
1621116000000,48419.74,48688.83,47733.0,47964.69,2919.0
1621119600000,47971.98,48049.93,46555.0,46762.99,5006.0
1621123200000,46762.99,47698.0,46467.0,47283.43,5439.3
